广发大盘成长混合,广发行业领先混合A,广发制造业精选混合A,鹏华新兴产业混合,大成深证成长40ETF,招商深证TMT50ETF,国泰金鼎价值混合,华宝资源优选混合A,中银持续增长混合A,嘉实服务增值行业混合,宝盈泛沿海增长混合,民生加银景气行业混合A,景顺长城能源基建混合,景顺长城中小盘混合,广发聚富混合,融通新蓝筹混合,诺德成长优势混合,景顺长城品质投资混合,大成价值增长混合,大成内需增长混合A,大成消费主题混合,大成新锐产业混合,银河消费混合,新华优选分红混合,大摩卓越成长混合,融通医疗保健行业混合A/B,民生加银红利回报混合,财通可持续混合,诺安主题精选混合,广发消费品精选混合A,国泰区位优势混合,建信优化配置混合,国联安中证医药100A,景顺长城内需增长混合,嘉实领先成长混合,国泰国证房地产行业指数,富安达优势成长混合,中银蓝筹混合,大成优选混合(LOF),景顺长城内需贰号混合,光大行业轮动混合,融通行业景气混合A,广发轮动配置混合,国泰金牛创新成长混合,广发聚优灵活配置混合A,国泰价值经典混合(LOF),天弘文化新兴产业,光大中小盘混合,诺安先锋混合A,嘉实回报混合,华宝宝康消费品,华宝动力组合,广发新经济混合A,鹏华普天收益混合,嘉实成长收益混合A,嘉实增长混合,鹏华优质治理混合(LOF),嘉实策略混合,宝盈策略增长混合,长信金利趋势混合,海富通精选混合,国泰浓益灵活配置混合A,广发竞争优势混合A,东方新兴成长混合,银河定投宝腾讯济安指数,银河美丽混合C,国泰国证医药卫生行业指数,广发新动力混合,广发小盘成长混合(LOF)A,华宝生态中国混合,国泰聚信价值优势混合A,国泰聚信价值优势混合C,嘉实新兴产业股票,广发趋势优选灵活配置混合A,博时卓越品牌混合(LOF),信诚中证800医药指数(LOF)A,华安动态灵活配置混合A,银河康乐股票,宝盈新价值混合A,融通健康产业灵活配置混合A/B,嘉实企业变革股票,景顺长城量化精选股票,天弘云端生活优选,景顺长城优势企业混合,大成产业升级股票(LOF),东吴嘉禾优势精选混合,华宝服务优选混合,华泰柏瑞积极优选股票,嘉实逆向策略股票,华夏医疗健康混合A,华夏医疗健康混合C,新华策略精选股票,万家新利灵活配置混合,华夏大盘精选混合A,嘉实泰和混合,景顺长城公司治理混合,中银新动力股票,安信消费医药股票,东方主题精选混合,广发主题领先混合,嘉实新收益混合,广发聚安混合C,中欧瑾和灵活配置混合C,招商沪深300地产等权重指数A,华宝国策导向混合,天弘中证食品饮料ETF联接A,大摩主题优选混合,华泰柏瑞消费成长混合,新华行业灵活配置混合C,前海开源沪港深蓝筹精选混合A,浙商聚潮产业成长混合A,万家行业优选混合(LOF),鹏华医药科技,九泰锐智事件驱动混合(LOF),国泰金鑫股票,招商国企改革主题混合基金,天弘医疗健康混合C,广发中证医疗指数(LOF)A,中欧瑾和灵活配置混合A,国泰央企改革股票,光大优势配置混合,大成睿景灵活配置混合A,东方新思路混合A,东方新思路混合C,光大鼎鑫混合A,银河服务混合,天弘医疗健康混合A,前海开源中国稀缺资产混合A,金鹰产业整合混合,嘉实主题混合,安信动态策略混合A,信诚新选混合A,大成睿景灵活配置混合C,建信互联网+产业升级股票,广发养老指数A,博时中证全指证券公司指数(LOF),前海开源工业革命4.0混合,信诚新锐混合A,招商中证白酒指数(LOF)A,长盛养老健康产业灵活配置混合,国泰国证食品饮料行业(LOF),中邮创新优势灵活配置混合,申万菱信消费增长混合,华宝医药生物混合,华夏经典混合,前海开源大海洋混合,国泰金马稳健混合,华宝创新优选混合,景顺长城核心竞争力混合A,财通成长优选混合,国泰睿吉灵活配置混合A,前海开源沪港深农业混合,天弘中证医药100A,天弘中证医药100C,鹏华外延成长混合,招商中证煤炭等权指数(LOF)A,嘉实沪港深精选股票,中欧消费主题股票C,兴业聚宝灵活配置混合,国泰浓益灵活配置混合C,银华成长先锋混合,光大红利混合,招商安博灵活配置混合A,嘉实医疗保健股票,海富通精选贰号混合,万家精选混合,招商制造业混合A,广发多策略混合,申万菱信中证500指数增强A,泰信中小盘精选混合,大摩健康产业混合A,诺安精选回报混合,华泰柏瑞新利混合C,九泰久盛量化先锋混合A,鹏华健康环保混合,天弘永定价值成长混合,景顺长城策略精选灵活配置混合,信诚新选混合B,融通蓝筹成长混合,金鹰科技创新股票,光大睿鑫混合A,广发鑫享混合,银华沪港深增长股票A,光大睿鑫混合C,嘉实创新成长混合,安信价值精选股票,华夏军工安全混合A,广发聚宝混合A,信诚中证800有色指数(LOF)A,浙商大数据智选消费混合,泓德远见回报混合,国泰民益混合(LOF)A,光大鼎鑫混合C,兴业聚鑫灵活配置混合A,长盛互联网+混合,国泰金泰灵活配置混合C,国泰民益混合(LOF)C,前海开源人工智能主题混合,融通成长30灵活配置混合A,景顺长城环保优势股票,广发鑫裕混合A,大成多策略混合(LOF),兴业聚丰混合A,招商安博灵活配置混合C,信诚新锐混合B,景顺长城沪港深精选股票,诺安安鑫灵活配置混合,前海开源沪港深优势精选混合A,银华回报定开混合,国泰金鹰增长混合,中欧医疗健康混合C,光大国企改革股票,招商优质成长混合(LOF),中欧医疗健康混合A,兴业聚盈混合A,财通价值动量混合,华夏成长混合,国泰国证有色金属行业指数(LOF),新华钻石品质企业混合,国泰中证全指证券公司ETF,华夏行业混合(LOF),融通通乾研究精选混合,招商丰凯混合C,招商丰凯混合A,信诚至裕灵活配置混合A,大成景禄灵活配置混合C,大成景禄灵活配置混合A,前海开源中国稀缺资产混合C,光大铭鑫混合A,西部利得中证500指数增强A,招商瑞庆混合A,富国中证医药主题指数增强A,嘉实文体娱乐股票C,广发创新升级混合,华宝券商ETF,前海开源中证大农业指数增强,光大动态优选混合,银河美丽混合A,博时裕益混合,嘉实文体娱乐股票A,招商丰益混合C,光大风格轮动混合A,光大产业新动力混合,景顺长城精选蓝筹混合,光大新增长混合,光大一带一路混合,中欧消费主题股票A,前海开源国家比较优势混合A,景顺长城优选混合,东方策略成长混合,兴业聚惠灵活配置混合A,鹏华增瑞混合(LOF),前海开源沪港深核心资源混合A,创金合信资源股票发起式C,招商丰益混合A,申万菱信安鑫优选混合A,信诚至裕灵活配置混合C,光大永鑫混合C,华夏移动互联混合美元现汇,光大诚鑫混合C,融通人工智能指数(LOF)A,交银医药创新股票A,银河行业混合,光大诚鑫混合A,前海联合国民健康混合A,广发多因子混合,九泰久兴灵活配置混合,广发鑫益混合,汇安丰利混合A,华泰柏瑞鼎利灵活配置混合A,宝盈新兴产业混合A,招商移动互联网产业股票基金,宝盈医疗健康沪港深股票,广发养老指数C,华夏移动互联混合人民币,华泰柏瑞鼎利灵活配置混合C,嘉实农业产业股票,西部利得新动力混合C,国泰国策驱动灵活配置混合A,国泰融信(LOF),国联安鑫安灵活配置混合,西部利得新动力混合A,申万菱信安鑫精选混合C,宝盈新锐混合A,华夏移动互联混合美元现钞,大成景润灵活配置混合,新华稳健回报混合发起式,大成景阳领先混合,申万菱信中证500指数优选增强A,招商国证生物医药指数(LOF)A,天弘中证证券保险C,广发新兴产业混合A,国泰中证申万证券行业指数,广发多元新兴股票,创金合信资源股票发起式A,信诚至诚灵活配置混合A,招商中小盘混合,嘉实沪港深回报混合,金鹰医疗健康产业A,中邮军民融合灵活配置混合,嘉实丰和灵活配置混合,申万菱信安鑫精选混合A,招商财经大数据股票A,华泰柏瑞量化创优混合,平安股息精选沪港深A,申万菱信安鑫优选混合C,浙商聚潮新思维混合,国泰策略价值灵活配置混合,嘉实优质企业混合,大成趋势回报灵活配置混合,广发策略优选混合,国投瑞银医疗保健混合A,光大中国制造2025混合,华宝事件驱动混合,华泰柏瑞价值增长混合A,招商行业精选股票基金,招商制造业混合C,平安股息精选沪港深C,九泰久盛量化先锋混合C,信诚至诚灵活配置混合B,华夏新锦升混合A,嘉实成长增强混合,新华优选消费混合,国泰大农业股票,景顺长城沪港深领先科技,广发稳健增长混合A,前海开源沪港深核心资源混合C,长信量化先锋混合A,富荣福锦混合A,光大先进服务业混合A,广发中证全指家用电器指数A,大成盛世精选灵活配置混合,光大创业板量化优选A,广发中证全指建筑材料指数C,泓德致远混合A,博时中证500指数增强A,大摩科技领先混合,广发睿毅领先混合A,国泰聚优价值灵活配置混合A,财通多策略福鑫定开混合,广发中证传媒ETF,广发资源优选股票A,前海联合泳隽混合A,富荣福锦混合C,鹏华优势企业,国泰智能汽车股票A,广发高端制造股票A,民生智造2025灵活配置混合,嘉实先进制造股票,华夏节能环保股票,财通多策略升级混合(LOF),国泰金泰灵活配置混合A,国泰融丰外延增长混合(LOF),金元顺安元启灵活配置混合,广发中证全指汽车指数A,金鹰中小盘精选混合,前海开源医疗健康A,海富通内需热点混合,平安医疗健康混合,嘉实医药健康股票C,国泰聚优价值灵活配置混合C,广发聚瑞混合A,金鹰医疗健康产业C,广发中证全指建筑材料指数A,天弘中证证券保险A,银华农业产业股票发起式A,广发中证基建工程ETF联接A,广发中证全指家用电器指数C,前海开源医疗健康C,中欧品质消费股票A,广发医疗保健股票A,国泰智能装备股票A,嘉实核心优势股票发起式,浙商全景消费混合A,泓德致远混合C,创金合信科技成长股票A,银华食品饮料量化股票发起式A,银华食品饮料量化股票发起式C,长信中证500指数增强A,招商稳健优选股票,中欧品质消费股票C,金鹰转型动力混合,华泰柏瑞生物医药混合A,万家经济新动能混合C,中信保诚新蓝筹混合,鹏华创新驱动混合,广发中证全指汽车指数C,广发中小盘精选混合A,长信价值蓝筹两年定开A,前海开源沪港深价值精选混合,诺安积极配置混合C,中银医疗保健混合A,嘉实医药健康股票A,广发科技动力股票,财通多策略福享混合(LOF),华泰柏瑞医疗健康A,工银医药健康股票A,创金合信新能源汽车股票A,诺安积极配置混合A,国泰价值精选灵活配置混合A,汇安丰利混合C,创金合信新能源汽车股票C,鹏华医疗保健股票,中银研究精选灵活配置混合A,九泰天富改革混合A,景顺长城新兴成长混合,泓德臻远回报混合,国泰睿吉灵活配置混合C,西部利得事件驱动股票,财通资管消费精选混合A,博时中证500指数增强C,金鹰核心资源混合,广发核心精选混合,嘉实量化精选股票,华夏产业升级混合,广发聚丰混合A,光大铭鑫混合C,长盛医疗行业量化配置股票,广发中证基建工程ETF联接C,嘉实瑞享定期混合,国泰国策驱动灵活配置混合C,工银医药健康股票C,广发优企精选混合A,万家经济新动能混合A,景顺长城鼎益混合(LOF),广发估值优势混合A,国泰成长优选混合,创金合信科技成长股票C,国泰景气行业灵活配置混合,兴业聚惠灵活配置混合C,大成精选增值混合,中银中国混合(LOF),新华行业灵活配置混合A,国泰金鹏蓝筹混合,国泰大健康股票A,国泰聚利价值定开混合,泰信蓝筹精选混合,信诚四季红混合,融通中国风1号灵活配置混合A/B,长信量化先锋混合C,华泰柏瑞新利混合A,大成创新成长混合(LOF),广发聚安混合A,广发创新驱动灵活配置混合,广发电子信息传媒股票A,诺安价值增长混合,博时裕隆灵活配置混合A,光大永鑫混合A,招商中证全指证券公司指数(LOF)A,华夏乐享健康混合,申万菱信中证申万医药生物指数(LOF),长信量化中小盘股票,大成中小盘混合(LOF)A,广发品牌消费股票发起式A,安信动态策略混合C,广发内需增长混合A,中信建投医改混合A,嘉实优化红利混合A,大成高新技术产业股票A,长信医疗保健混合(LOF)A,建信优选成长混合A,嘉实主题新动力混合,长信电子信息量化灵活配置混合A,天弘中证食品饮料ETF联接C,泰信竞争优选混合
广发沪深300ETF联接A,鹏华沪深300指数(LOF)A,华泰柏瑞沪深300ETF联接A,易方达沪深300发起式ETF,天治财富增长混合,长安沪深300非周期,华泰柏瑞沪深300ETF,长盛沪深300指数(LOF),大成沪深300指数A,国泰沪深300指数A,建信沪深300指数(LOF),南方沪深300ETF,农银沪深300指数A,前海开源沪深300指数,农银大盘蓝筹混合,天弘沪深300ETF联接A,长盛同庆中证800(LOF),华夏MSCIA股国际通ETF,易方达沪深300ETF联接A,华夏沪深300ETF联接A,中银沪深300等权重指数,广发沪深300ETF,华夏沪深300ETF,嘉实沪深300ETF联接A,嘉实沪深300ETF,国泰兴益灵活配置混合C,工银沪深300指数A,天弘中证800指数C,华润元大安鑫灵活配置混合A,泰达宏利量化股票,汇安丰恒灵活配置混合A,东吴沪深300指数A,诺安沪深300指数增强A,前海联合沪深300指数A,汇安丰恒灵活配置混合C,西部利得个股精选股票A,信诚沪深300指数(LOF)A,中科沃土沃鑫成长精选混合A,国金沪深300指数增强,泰达宏利业绩股票C,诺德量化蓝筹增强混合C,平安沪深300ETF,中金丰硕混合,鑫元鑫趋势灵活配置混合A,中科沃土沃嘉混合A,华泰紫金智能量化股票发起,汇添富沪深300指数A,平安沪深300指数量化A,诺德量化蓝筹增强混合A,中金金序量化蓝筹A,中金金序量化蓝筹C,中科沃土沃嘉混合C,诺德天富灵活配置混合,中航混改精选混合A,中航混改精选混合C,泰达宏利业绩股票A,鑫元鑫趋势灵活配置混合C,国寿安保沪深300ETF,东方互联网嘉混合,华泰MSCI中国A股国际通ETF,鑫元行业轮动混合C,国泰沪深300指数C,景顺MSCI中国A股ETF,易方达MSCI中国A股ETF,东吴沪深300指数C,鑫元行业轮动混合A,天弘中证800指数A,农银沪深300指数C,南方MSCI中国A股国际通ETF,国泰兴益灵活配置混合A,平安沪深300指数量化C,汇添富沪深300安中指数,泰信中证200指数,建信MSCI中国A股国际通ETF,汇添富沪深300指数C
华宝大盘精选混合,汇添富社会责任混合,海富通收益增长混合,长城中小盘成长混合,汇添富蓝筹稳健混合A,大成健康产业混合,富国天益价值混合A,富国天合稳健优选混合,富国天成红利混合,富国通胀通缩主题轮动混合,富国低碳环保混合,信达澳银红利回报混合,信达澳银产业升级混合,泰信先行策略混合,建信内生动力混合,长城安心回报混合,上投摩根大盘蓝筹股票,上投摩根成长先锋混合,中海量化策略混合,中海环保新能源混合,诺安创业板指数增强(LOF)A,长城品牌优选混合,长盛动态精选混合,汇添富均衡增长混合,建信核心精选混合,汇添富中证主要消费ETF,汇添富中证医药卫生ETF,富国高新技术产业混合,红塔红土盛世普益混合发起式,富国城镇发展股票,长城医疗保健混合,鹏华证券保险指数(LOF),建信中小盘先锋股票A,富国天盛灵活配置基金,汇添富环保行业股票,大摩资源优选混合(LOF),嘉实新消费股票,富国新兴产业股票,富国研究精选灵活配置混合,富国中小盘精选混合,前海开源新经济混合A,中欧成长优选混合A,富国新回报灵活配置混合C,建信积极配置混合,富国中证新能源汽车指数(LOF)A,建信健康民生混合,富国医疗保健行业混合A,长城环保主题混合,圆信永丰双利A,圆信永丰双利C,长城久富混合(LOF),中海医药健康产业精选混合A,汇添富外延增长股票A,汇添富移动互联股票,富国中证全指证券公司指数(LOF)A,鹏华中证一带一路主题指数(LOF),华宝医疗ETF联接A,汇添富医药保健混合A,鹏华酒A,富国新动力灵活配置混合C,中海能源策略混合,嘉实低价策略股票,富国宏观策略灵活配置混合A,英大领先回报混合发起式,长城改革红利混合,建信大安全战略精选股票,建信信息产业股票,汇添富医疗服务混合,富国新动力灵活配置混合A,鹏华中证环保产业指数(LOF),鹏华国证钢铁行业指数(LOF)A,汇添富国企创新股票,泰康新回报灵活配置混合A,金鹰民族新兴混合,富国高端制造行业股票,长盛中证全指证券指数(LOF),华夏蓝筹混合(LOF),新华鑫回报混合,富国创新科技混合A,大成360互联网+大数据100A,平安鑫安混合C,富国价值优势混合,招商安达灵活配置混合,景顺长城中小创精选股票,富国天瑞强势混合,广发沪港深新机遇股票,泰康新回报灵活配置混合C,泰康恒泰回报混合A,泰康恒泰回报混合C,汇添富沪港深新价值股票,泰康新机遇混合,富国低碳新经济混合A,平安鑫安混合A,上投摩根核心成长股票,富国美丽中国混合A,嘉实价值优势混合,天弘裕利灵活配置混合A,泰康宏泰回报混合,汇添富安鑫智选混合C,汇添富安鑫智选混合A,圆信永丰优加生活,中海优质成长混合,中海分红增利混合,富国中证智能汽车(LOF)A,泰康安泰回报混合,申万菱信中证申万证券行业指数,鹏华券商A,富国国家安全主题混合A,富国文体健康股票A,富国新收益灵活配置混合A,上投摩根双息平衡混合A,汇添富价值精选混合A,富国新收益灵活配置混合C,工银现代服务业混合,圆信永丰多策略,大成360互联网+大数据100C,西部利得祥运混合C,汇添富中证环境治理指数A,华宝稳健回报混合,广发鑫源混合C,广发鑫源混合A,汇添富中证中药指数(LOF)C,景顺中证500行业中性低波动,汇添富中证中药指数(LOF)A,富国中证体育产业指数(LOF)A,汇添富策略回报混合,华安中证全指证券公司指数,汇添富中证生物科技指数C,富国天源沪港深平衡混合,汇添富中证生物科技指数A,富国消费主题混合A,前海开源沪港深隆鑫混合A,前海开源沪港深隆鑫混合C,汇添富高端制造股票,上投摩根阿尔法混合,汇添富中证环境治理指数C,汇添富消费行业混合,东方睿鑫热点挖掘混合C,富国中证工业4.0指数(LOF)A,建信优势动力混合(LOF),长城消费增值混合,前海开源清洁能源混合A,汇添富全球互联混合,泰康兴泰回报沪港深混合,九泰鸿祥服务升级灵活配置混合,富国产业升级混合A,中邮中小盘灵活配置混合,前海开源清洁能源混合C,北信瑞丰产业升级,信达澳银健康中国混合,富国新活力灵活配置混合A,中海消费混合,长信先锐混合A,富国新活力灵活配置混合C,南方银行ETF联接A,汇添富年年泰定开混合A,汇添富民营新动力股票,大摩基础行业混合,富国改革动力混合,华安新动力灵活配置混合,西部利得新润混合,兴全合润混合(LOF),嘉实优势成长混合,南方军工改革灵活配置混合A,银华中证全指医药卫生,泰康均衡优选混合C,富国精准医疗混合,汇添富中证全指证券公司指数C,圆信永丰汇利混合(LOF),中海医疗保健主题股票,中融鑫价值混合C,上投摩根安隆回报C,博时厚泽回报混合A,富国沪港深行业精选混合A,富国新机遇灵活配置混合A,泰康景泰回报混合C,泰康景泰回报混合A,前海开源盛鑫混合C,嘉实价值精选股票,银河睿达灵活配置混合A,广发沪港深龙头混合,圆信永丰消费升级,汇添富中证全指证券公司指数A,汇添富成长焦点混合,博时厚泽回报混合C,中欧红利优享混合A,富国新机遇灵活配置混合C,富国研究量化精选混合,中欧成长优选混合E,平安量化精选混合C,圆信永丰双利优选,上投摩根安隆回报A,圆信永丰优享生活,银河睿达灵活配置混合C,中欧红利优享混合C,上投安裕回报A,长城智能产业灵活配置混合,富国军工主题混合A,泰康颐年混合C,汇添富创新医药混合,中融鑫价值混合A,富国臻选成长灵活配置混合,泰康颐享混合A,泰康颐享混合C,富国周期优势混合A,天弘裕利灵活配置混合C,富国转型机遇混合,西部利得祥运混合A,建信战略精选灵活配置混合A,东方红创新优选定开混合,长信稳进资产配置(FOF),圆信永丰优悦生活混合,泰康颐年混合A,富国价值驱动灵活配置混合A,东方睿鑫热点挖掘混合A,建信战略精选灵活配置混合C,招商大宗商品(LOF),汇添富文体娱乐混合,华夏养老2040(FOF),前海开源公用事业股票,汇添富中证新能源汽车A,富国价值驱动灵活配置混合C,汇添富中证新能源汽车C,富国天博创新主题混合,前海开源中证健康产业指数,上投安裕回报C,泰康策略优选混合,泰康弘实3月定开混合,建信龙头企业股票,富国新回报灵活配置混合A/B,汇添富价值创造定开混合,富国新趋势灵活配置混合A,中海医药健康产业精选混合C,建信创新中国混合,富国新趋势灵活配置混合C,泰康均衡优选混合A,鹏华中证800地产指数(LOF),富国沪港深价值混合A,工银中证传媒指数(LOF)A,中融国证钢铁行业指数(LOF),鹏华中证传媒指数(LOF),长城久嘉创新成长混合A,前海开源盛鑫混合A,泰康沪港深精选混合,汇添富年年泰定开混合C,汇添富中证主要消费ETF联接A,建信鑫安回报灵活配置混合,平安量化精选混合A
华商盛世成长混合,华夏回报二号混合,华夏稳增混合,大成积极成长混合,汇添富逆向投资混合,大成行业轮动混合,大成竞争优势混合,华夏盛世混合,诺安中小盘精选混合,浦银安盛价值成长混合A,招商行业领先混合A,招商安泰混合,招商先锋混合,工银金融地产混合A,博时医疗保健行业混合A,万家和谐增长混合,嘉实稳健混合,银河创新成长混合A,海富通国策导向混合,华安生态优先混合,金鹰行业优势混合,华安安顺混合,招商医药健康产业股票,诺安成长混合,浦银安盛增长动力混合A,华商健康生活混合,中欧精选定期开放混合A,华商未来主题混合,融通转型三动力灵活配置混合A,华安智能装备主题股票A,中欧精选定期开放混合E,中欧新蓝筹混合E,泰达宏利成长混合,大成灵活配置混合,大成策略回报混合,中欧新趋势混合A,长信睿进混合C,长信睿进混合A,国寿安保智慧生活股票,红土创新新兴产业混合,华安安信消费混合A,融通互联网传媒灵活配置混合,工银总回报灵活配置混合A,华商双驱优选混合,平安睿享文娱混合A,诺安和鑫灵活配置混合,华夏新趋势混合C,华夏新趋势混合A,汇添富达欣混合C,工银前沿医疗股票A,汇添富中证精准医疗指数A,万家新兴蓝筹灵活配置混合,国投瑞银国家安全混合,诺安先进制造股票,平安智慧中国混合,工银美丽城镇股票A,博时睿远,汇添富新兴消费股票,国泰事件驱动策略混合,南方优选成长混合A,金鹰成份优选混合,工银精选平衡混合,长信增利动态策略混合,大成互联网思维混合,汇添富中证精准医疗指数C,中金消费升级,汇添富达欣混合A,万家品质,长信内需成长混合A,汇添富新睿精选混合C,金鹰鑫瑞混合C,长信双利优选混合A,中欧新蓝筹混合C,万家瑞隆混合,新华鑫弘灵活配置混合,汇安沪深300指数增强A,汇添富新睿精选混合A,民生加银鑫喜混合,华安宝利配置混合,金鹰鑫瑞混合A,鹏华改革红利股票,工银新增益混合,国投瑞银景气行业混合,金鹰民丰回报定期开放混合,华安媒体互联网混合A,汇添富优势精选混合,嘉实前沿科技沪港深股票,长盛创新驱动灵活配置混合,华夏回报混合A,中欧新蓝筹混合A,浦银安盛医疗健康混合A,汇添富民营活力混合A,金鹰信息产业股票A,博时军工主题股票A,中欧电子信息产业沪港深股票A,汇添富美丽30混合,国寿安保目标策略混合发起C,国投瑞银境煊灵活配置混合C,华商新趋势优选灵活配置混合,汇添富熙和精选混合C,汇添富熙和精选混合A,万家臻选混合,南方优选成长混合C,鹏华策略回报混合,华夏稳盛灵活配置混合,长盛同智优势混合(LOF),汇添富民丰回报混合C,汇添富民丰回报混合A,金鹰信息产业股票C,汇安沪深300指数增强C,汇添富多策略定开混合,平安优势产业混合A,平安优势产业混合C,华安中小盘成长混合,汇添富智能制造股票,汇安量化优选灵活配置C,融通内需驱动混合A,汇添富全球消费混合人民币A,长信内需成长混合E,长信企业精选定开混合,汇添富全球消费混合人民币C,汇添富全球消费混合美元现汇,汇安量化优选灵活配置A,平安睿享文娱混合C,诺安行业轮动混合,国泰融安多策略灵活配置混合,中欧电子信息产业沪港深股票C,国投瑞银境煊灵活配置混合A,华安科技动力混合,浦银安盛精致生活混合,中欧新趋势混合E,国寿安保目标策略混合发起A,中欧新趋势混合C,浦银安盛新兴产业混合A
景顺长城沪深300指数增强,工银量化策略混合A,华宝中证100指数A,建信沪深300指数增强(LOF)A,华夏红利混合,浦银安盛沪深300指数增强,诺安中证100指数A,国泰量化策略收益混合,东方核心动力混合,长盛中证100指数,融通领先成长混合(LOF)A,宝盈中证100指数增强A,银华-道琼斯88指数,南方中证100指数A,泰达宏利沪深300指数增强A,浙商沪深300指数增强,南方策略优化混合,华安沪深300增强A,华泰柏瑞创新升级混合A,华安沪深300增强C,嘉实沪深300指数研究增强,华宝新价值混合,前海开源睿远稳健增利混合A,前海开源睿远稳健增利混合C,信达澳银转型创新股票,华宝量化对冲混合A,广发对冲套利定期开放混合,华夏沪深300指数增强C,华宝新机遇混合(LOF)A,融通通鑫灵活配置混合,信诚新旺混合(LOF)A,华泰柏瑞创新动力混合,泰达宏利新思路混合A,景顺长城稳健回报混合A,中欧互通精选混合A,长信量化多策略股票A,景顺长城安享回报混合C,景顺长城安享回报混合A,融通新机遇灵活配置混合,东方鼎新灵活配置混合C,国泰沪深300指数增强C,中邮绝对收益策略定期开放混合,泰达宏利新思路混合B,广发聚盛混合A,景顺长城量化新动力股票,融通新趋势灵活配置混合,信诚新旺混合(LOF)C,银河鑫利混合I,华富中证100指数,融通新消费灵活配置混合,景顺长城稳健回报混合C,信诚至选混合A,融通通慧混合A/B,华宝新机遇混合(LOF)C,信诚至瑞灵活配置A,华宝新活力混合,东方鼎新灵活配置混合A,银华汇利灵活配置混合C,华宝量化对冲混合C,信诚至选混合C,银华汇利灵活配置混合A,景顺长城顺益回报混合A,景顺长城顺益回报混合C,东方岳灵活配置混合,融通沪港深智慧生活灵活配置混合,信诚至瑞灵活配置C,易方达沪深300量化增强,景顺长城泰安回报混合C,中金沪深300C,广发安盈混合C,泰达宏利沪深300指数增强C,华宝新起点混合,华宝新飞跃灵活配置混合,华商润丰灵活配置混合A,华夏沪深300指数增强A,国泰量化收益灵活配置混合A,大摩量化多策略股票,华安宏利混合,华宝第三产业混合A,中银中证100指数增强,天治中国制造2025,南方绝对收益,嘉实量化阿尔法混合,申万菱信价值优利混合A,前海开源泽鑫混合A,融通巨潮100指数C,建信鑫稳回报灵活配置混合C,融通逆向策略灵活配置混合A,建信鑫稳回报灵活配置混合A,华夏研究精选股票,长信量化多策略股票C,广发聚盛混合C,申万菱信价值优先混合,诺德新宜灵活配置混合,华夏睿磐泰茂混合C,融通红利机会主题精选混合C,海富通量化前锋股票A,海富通量化前锋股票C,景顺长城泰恒回报混合A,景顺长城泰恒回报混合C,华夏睿磐泰荣混合C,华夏睿磐泰荣混合A,中银量化价值混合A,南方中证100指数C,富国大盘价值量化精选混合A,光大量化股票,融通红利机会主题精选混合A,广发沪深300指数增强C,广发沪深300指数增强A,中加紫金灵活配置混合C,中加紫金灵活配置混合A,中欧量化驱动混合,鹏华沪深300指数增强,广发量化多因子混合,华夏睿磐泰茂混合A,华夏网购精选混合A,民生加银鑫福混合A,广发安盈混合A,景顺长城泰安回报混合A,申万菱信沪深300指数增强A,国泰沪深300指数增强A,华夏睿磐泰兴混合,银河鑫利混合C,银河鑫利混合A,融通巨潮100指数A(LOF),华宝智慧产业混合,中金沪深300A,华宝沪深300指数增强A
鹏华全球中短债(QDII)人民币A,华富收益增强债券A,招商安瑞进取债券,华夏安康债券C,嘉实增强信用定期债券,工银深证红利ETF联接A,汇添富多元收益债券A,汇添富多元收益债券C,汇添富双利债券A,华宝增强收益债券A,华宝增强收益债券B,工银四季收益债券(LOF),诺安油气能源,益民核心增长混合,华安强化收益债券B,华安香港精选股票(QDII),华安稳固收益债券C,东吴安享量化混合A,国泰双利债券A,华宝海外中国成长混合,国联安信心增长债券A,国泰纳斯达克100ETF,博时上证超大盘ETF联接,华安稳定收益债券A,工银瑞信双利债券A,工银添颐债券A,易方达稳健收益债券B,易方达岁丰添利债券(LOF),嘉实稳固收益债券C,民生加银信用双利债券A,长盛积极配置债券,天治稳健双盈债券,天治新消费混合,招商信用增强债券A,博时宏观回报债券C,南方成份精选混合A,新华灵活主题混合,大摩强收益债券,工银中证京津冀协同发展指数A,南方广利回报债券A/B,融通核心价值混合A,融通可转债债券A,中海可转债债券C,华夏双债债券C,富国天利增长债券,国泰民安增利债券A,华夏恒生ETF(QDII),富国可转债A,中邮稳定收益债券A,银河增利债券C,景顺长城大中华混合(QDII)人民币,华安安心收益债券A,信诚三得益债券A,信诚三得益债券B,建信收益增强债券A,东方强化收益债券,博时大中华亚太精选,交银定期支付月月丰债券A,交银定期支付月月丰债券C,华安纳斯达克100指数,建信双息红利债券A,信达澳银信用债债券C,天弘债券发起式B,华泰柏瑞上证中小盘ETF联接,嘉实信用债券A,嘉实信用债券C,广发聚鑫债券A,汇添富可转换债券C,汇添富6月红添利定开债C,富国稳健增强债券A/B,富国稳健增强债券C,方正富邦创新动力混合A,建信转债增强债券C,广发聚财信用债券B,中欧鼎利债券A,广发聚财信用债券A,长城积极增利债券A,中银转债增强债券A,中银转债增强债券B,大成可转债增强债券,富国天丰强化债券(LOF),上投摩根强化回报债券B,招商安盈债券A,工银瑞信双利债券B,工银产业债债券A,鹏华双债增利债券,泰信优势增长混合,嘉实多元债券A,万家双利债券,嘉实多元债券B,国投瑞银优化增强债券A/B,国投瑞银双债债券(LOF)A,易方达亚洲精选股票,上投摩根亚太优势混合,上投摩根全球新兴市场混合,国投瑞银融华债券,泰达宏利集利债券A,信达澳银鑫安债券,华商收益增强债券A,华商稳健双利债券A,华商稳定增利债券A,博时信用债券A/B,银华增强收益债券,银河银信添利债券B,申万菱信稳益宝债券,南方多利增强债券C,南方多利增强债券A,博时信用债券C,华安稳定收益债券B,南方全球精选配置,银华信用双利债券C,光大均衡精选混合,工银全球股票(QDII)人民币,工银全球精选股票(QDII),大成债券A/B,诺安双利债券发起,万家添利债券(LOF),华富策略精选混合,华富量子生命力混合,易方达稳健收益债券A,易方达增强回报债券B,易方达上证中盘ETF联接A,大成债券C,上投摩根内需动力混合,民生加银转债优选A,民生加银转债优选C,易方达裕丰回报债券,嘉实美国成长股票美元现汇,建信纳斯达克100指数(QDII)人民币A,汇丰晋信2016周期混合,泰信现代服务业混合,泰信债券增强收益C,富安达增强收益债券C,汇添富中证能源ETF,博时天颐债券A,博时上证自然资源ETF联接,华商收益增强债券B,华商稳定增利债券C,鹏华丰收债券,国富亚洲机会股票(QDII),嘉实债券,嘉实海外中国股票混合,农银增强收益债券A,华夏聚利债券,易方达安心回报债券A,易方达双债增强债券C,交银环球精选混合(QDII),华安双债添利债券A,华安双债添利债券C,天弘债券发起式A,富安达新兴成长混合A,华安德国(DAX)ETF(QDII),东方双债添利债券C,鹏华双债保利债券,工银双债增强债券,华安中证细分医药ETF,鹏华丰实定开债B,华商双债丰利债券A,汇添富双利增强债券C,泰达宏利集利债券C,广发聚利债券(LOF)A,长信可转债债券C,长信标普100等权重指数人民币,长信恒利优势混合,农银增强收益债券C,西部利得稳健双利债券C,诺安优势行业混合A,东方双债添利债券A,嘉实中证医药卫生ETF,广发全球医疗保健(QDII),华富灵活配置混合,交银强化回报债券C,新华鑫利灵活配置混合,中银优秀企业混合,国投瑞银双债债券C,宝盈祥瑞混合A,广发中证全指可选消费ETF,国泰纳斯达克100指数,博时稳健回报债券(LOF)A,博时稳健回报债券(LOF)C,泰达宏利聚利债券(LOF),景顺长城景颐双利债券C,前海开源可转债债券,富国收益增强债券C,东海美丽中国灵活配置混合,国寿安保沪深300ETF联接,大摩多元收益债券A,广发中证全指医药卫生ETF,富国优化增强债券C,国投瑞银稳定增利债券,浦银安盛优化收益债券A,嘉实恒生中国企业,平安消费精选混合A,汇添富双利债券C,大成纳斯达克100,鑫元聚鑫收益增强债A,易方达沪深300非银联接A,泰信双息双利债券,国泰双利债券C,博时天颐债券C,景顺长城景颐双利债券A,中欧增强回报债券(LOF)A,汇添富恒生指数A,大摩多元收益债券C,广发全球精选股票美元现汇,华夏沪港通恒生ETF,招商安本增利债券,诺安全球收益不动产,南方恒指ETF,易方达安心回报债券B,华安标普全球石油指数,交银强化回报债券A/B,长城稳固收益债券A,交银双利债券C,诺德增强收益债券,泰信发展主题混合,新华增盈回报债券,广发中证环保ETF联接A,广发生物科技指数(QDII),广发生物科技指数美元,新华增怡债券C,嘉实丰益策略定期债券,富国新天锋债券(LOF),广发聚鑫债券C,建信稳定得利债券A,建信双息红利债券C,广发纳斯达克100美元现汇A,国泰中证计算机主题ETF联接A,华润元大信息传媒科技混合,华泰柏瑞亚洲领导企业混合,诺安增利债券A,鑫元聚鑫收益增强债C,博时标普500ETF,嘉实全球房地产(QDII),前海开源高端装备制造混合,景顺长城改革机遇灵活配置A,广发全球医疗保健美元,泰达宏利品质生活混合,华富恒利债券A,招商深证TMT50ETF联接A,广发聚泰混合A,汇添富双利增强债券A,华融新锐灵活配置混合,国联安上证商品ETF联接,景顺长城泰和回报混合A,博时抗通胀增强回报,兴业收益增强债券A,嘉合磐石A,长安宏观策略混合,华富健康文娱灵活配置混合,广发改革混合,中欧增强回报债券(LOF)E,华夏全球股票(QDII),上投摩根成长动力混合,鹏华丰实定开债A,东方红收益增强债券C,中信建投聚利混合A,中信建投睿信灵活配置混合A,诺安优化收益债券,华商信用增强债券A,江信同福A,兴银大健康,上投摩根医疗健康股票,泰信国策驱动灵活配置混合,长信可转债债券A,上投摩根中国优势混合,广发聚泰混合C,德邦新添利债券A,长信利富债券A,广发医药卫生联接A,鹏华弘泰A,申万菱信可转债债券,信诚中证智能家居指数(LOF)A,鹏华产业债债券,嘉实全球互联网股票美元现钞,创金合信聚利债券C,东方惠新灵活配置混合A,广发中证全指能源ETF,创金合信聚利债券A,东兴改革精选混合,交银中证环境治理(LOF)A,银华恒生中国企业指数,大成绝对收益策略混合C,中海沪港深价值优选混合,九泰天宝灵活配置混合A,银河通利债券(LOF)A,华宝上证180价值联接,大成绝对收益策略混合A,鑫元恒鑫收益增强债券型发起式C,银河强化债券,南方香港成长(QDII),国联安信心增长债券B,华安纳斯达克100指数现汇,新华万银策略灵活配置混合,嘉实全球互联网股票美元现汇,国富恒久信用债券A,华宝标普油气上游股票人民币A,建信收益增强债券C,信达澳银信用债债券A,富安达增强收益债券A,兴银丰盈灵活配置,华宝标普油气上游股票美元A,国富金融地产混合A,上投摩根双债增利债券A,华夏新活力混合A,华安新机遇灵活配置,诺安稳健回报灵活配置混合C,德邦新添利债券C,中融产业升级混合,东吴国企改革主题灵活配置混合A,中银双利债券A,泰康稳健增利债券A,九泰久稳灵活配置混合A,泰信鑫选灵活配置混合A,金信行业优选混合发起式,国都创新驱动,中邮稳定收益债券C,金元顺安丰利债券,前海开源沪港深智慧生活混合,金鹰元和灵活配置混合A,金鹰元和灵活配置混合C,大成景荣债券C,永赢双利债券C,宝盈增强收益债券C,华宝标普美国消费美元,融通增祥三个月定开债,天弘永利债券E,东方红汇阳债券A,泰信鑫选灵活配置混合C,海富通中国海外混合,国富恒瑞债券C,东方红汇利债券A,华宝香港中小(QDII-LOF)A,华安安益灵活配置混合A,万家瑞和灵活配置混合C,新华双利债券A,长信利发债券,海富通一年定开债C,前海开源沪港深汇鑫混合C,景顺长城泰和回报混合C,东方惠新灵活配置混合C,东兴蓝海财富混合,嘉实稳盛债券,工银添福债券A,浙商汇金转型升级灵活配置混合,泰信互联网+混合,富国上证指数ETF联接A,建信转债增强债券A,江信祺福A,江信祺福C,新华丰盈回报债券,平安消费精选混合C,东方红汇利债券C,建信现代服务业股票,华夏大中华混合(QDII),华富安享债券,中融新经济混合A,北信瑞丰稳定增强,富荣福康混合C,中融融裕双利债券A,上投摩根双债增利债券C,博时转债增强债券A,汇添富可转换债券A,泰康稳健增利债券C,易方达裕祥回报债券,银华互联网主题灵活配置混合,诺安优势行业混合C,华富物联世界灵活配置混合,华富收益增强债券B,民生增强收益债券A,诺安益鑫灵活配置混合A,华宝标普美国消费人民币A,安信平稳增长混合发起C,国投瑞银优化增强债券C,浙商汇金聚利一年定开债A,景顺长城景盛双息收益债券A,华夏新活力混合C,嘉合磐石C,东方红信用债债券C,中融新经济混合C,华安量化多因子混合(LOF),上投摩根新兴动力混合A,平安鼎信债券,浙商汇金聚利一年定开债C,长信利丰债券C,中信建投睿溢混合A,中邮多策略灵活配置混合,建信多因子量化股票,工银香港中小盘美元,北信瑞丰外延增长,圆信永丰强化收益A,银河银信添利债券A,广发美国房地产指数,前海开源鼎安债券C,华安稳固收益债券A,东方红汇阳债券C,泓德裕泰债券C,银华远景债券,广发集裕债券A,九泰天宝灵活配置混合C,广发纳斯达克100ETF,鹏华丰尚定开债A,万家瑞和灵活配置混合A,长安鑫利优选混合C,国投瑞银中国价值发现股票,华融新利灵活配置混合,圆信永丰强化收益C,国寿安保尊利增强回报债券C,金鹰智慧生活混合,国富恒瑞债券A,工银香港中小盘人民币,新华增强债券C,农银现代农业加,汇添富香港混合(QDII),广发集裕债券C,东方红收益增强债券A,前海开源鼎裕债券A,华安纳斯达克100指数现钞,景顺长城景盛双息收益债券C,博时宏观回报债券A/B,富国优化增强债券A/B,融通可转债债券C,工银深证红利ETF,工银增强收益债券B,诺安进取回报混合,建信深证基本面60ETF联接A,金鹰持久增利债券(LOF)C,浦银安盛优化收益债券C,新华丰利债券A,长城稳固收益债券C,易方达恒生国企ETF,建信稳定得利债券C,华商双翼平衡混合,前海联合添鑫3个月开债A,前海联合添鑫3个月开债C,德邦景颐债券A,光大信用添益债券A,前海开源鼎瑞债券A,益民红利成长混合,诺德优选30混合,金元顺安沣楹债券,华泰柏瑞多策略混合,长江收益增强债券,工银瑞盈18个月定开债,中银证券健康产业混合,西部利得稳健双利债券A,广发集丰债券C,华夏新锦程混合A,中银标普全球资源等权重指数,前海开源祥和债券A,前海开源祥和债券C,前海联合添利债券C,前海联合添利债券A,长信先利半年定开混合A,新沃通盈灵活配置混合,国富金融地产混合C,江信同福C,德邦景颐债券C,华商丰利增强定开债A,海富通一年定开债A,中银信用增利债券(LOF)A,诺安优选回报混合,交银深证300价值ETF联接,交银成长30混合,平安鼎越混合(LOF),诺安稳健回报灵活配置混合A,华夏可转债增强债券A,北信瑞丰中国智造,鹏华丰尚定开债B,易方达裕鑫债券A,易方达裕鑫债券C,大成景盛一年定开债A,大成景盛一年定开债C,中邮睿信增强债,汇添富中证上海国企ETF联接,新华丰利债券C,华夏中证500ETF联接A,华富永鑫灵活配置混合A,兴业收益增强债券C,鹏华美国房地产(QDII),浙商鼎盈事件驱动混合,长盛可转债债券C,前海开源鼎瑞债券C,国富强化收益债券C,泓德裕康债券C,国富强化收益债券A,华商瑞鑫定开债,民生中证内地资源主题指数A,嘉实安益混合,东海社会安全,诺安增利债券B,博时沪港深成长企业,天弘永利债券B,中信建投睿利A,华商丰利增强定开债C,诺德周期策略混合,华商双债丰利债券C,华夏港股通精选股票发起式(LOF)A,中银全球策略,工银月月薪定期支付债券C,金元顺安价值增长混合,上投摩根中国世纪人民币,兴银收益增强债券,泓德裕祥债券C,易方达丰和债券,景顺长城景颐丰利债券A,华夏鼎利债券发起式C,泰信智选成长混合,华夏睿磐泰盛混合,博时弘泰混合,汇安丰融混合C,国富美元债定开债人民币,浦银安和回报定开混合C,富国祥利定开债发起式,前海开源瑞和债券A,嘉实新添华定期混合,华宝新优选定开混合,中邮消费升级,华夏新锦顺混合C,西部利得祥盈债券C,易标普信息科技美元汇A,光大安祺债券A,嘉实多利收益债券,新华增怡债券A,广发集瑞债券A,九泰久益混合C,广发集瑞债券C,九泰久益混合A,国联安科技动力,前海开源沪港深核心驱动混合,银华内需精选混合(LOF),光大安和债券C,西部汇逸债券C,光大安诚债券C,浙商汇金中证转型成长指数,西部利得祥盈债券A,华安事件驱动量化策略混合,广发集源债券A,华润元大双鑫债券C,华润元大双鑫债券A,长盛全债指数增强债券,易方达标普医疗保健美元汇A,浦银安和回报定开混合A,博时稳定价值债券A,富国久利稳健配置混合A,华夏新锦程混合C,前海开源沪港深裕鑫C,工银可转债债券,先锋精一混合C,东方民丰回报赢安混合A,创金合信鑫收益混合A,国寿安保尊裕优化回报债券C,前海开源瑞和债券C,先锋精一混合A,光大安和债券A,易标普信息科技人民币A,金鹰持久增利债券(LOF)E,西部汇逸债券A,广发沪港深新起点股票A,景顺长城景颐丰利债券C,南方卓元债券A,华夏新锦顺混合A,安信永鑫增强债券A,江信瑞福灵活配置混合A,银华全球优选,光大信用添益债券C,博时沪港深价值优选A,前海开源沪港深裕鑫A,江信瑞福灵活配置混合C,泓德裕祥债券A,长信利保债券A,南方卓元债券C,易方达标普医疗保健人民币A,博时沪港深价值优选C,中欧双利债券A,安信永鑫增强债券C,嘉实全球互联网股票人民币,易方达标普500指数美元汇A,汇安丰融混合A,国寿安保尊裕优化回报债券A,银河增利债券A,富国收益增强债券A,华夏圆和混合,鹏华丰和债券(LOF)A,易方达增强回报债券A,华富永鑫灵活配置混合C,北信瑞丰平安中国,博时稳定价值债券B,前海开源沪港深新硬件C,长安鑫富领先混合,前海开源沪港深强国产业混合,广发纳斯达克100指数A,易方达中概互联50ETF,嘉实美国成长股票人民币,华夏双债债券A,汇添富6月红添利定开债A,广发集源债券C,兴银消费新趋势灵活配置,鹏扬汇利债券C,工银产业债债券B,光大多策略智选18个月混合,中银双利债券B,华商信用增强债券C,广发全球精选股票(QDII),民生加银中证港股通指数A,前海开源多元策略混合A,易方达香港小型股指数A,前海开源鼎安债券A,中海可转债债券A,东方区域发展混合,华夏新锦汇混合A,宝盈增强收益债券A/B,泰信鑫利混合C,恒生沪港深新兴产业精选混合,中融稳健添利债券,招商上证消费80ETF联接A,上投摩根强化回报债券A,长安鑫利优选混合A,易方达标普消费品指数A,华夏债券C,海富通大中华混合(QDII),财通可转债债券A,汇添富年年益定开混合A,中邮纯债恒利债券C,前海开源港股通股息率50强,嘉实中关村A股ETF,华泰柏瑞新经济沪港深混合,财通收益增强债券C,鹏扬汇利债券A,金元顺安桉盛债券A,中邮纯债恒利债券A,中银恒利半年定开债,泓德裕康债券A,鹏华丰利债券(LOF),富国久利稳健配置混合C,华安新乐享灵活配置混合A,建信高端医疗股票,长信利丰债券E,中信建投睿利C,中海混改红利混合,南方荣年C,鹏华弘泰C,万家增强收益债券,民生增强收益债券C,民生加银中证港股通指数C,汇安丰益混合C,博时转债增强债券C,华夏安康债券A,泰信债券增强收益A,招商睿祥定开混合,天弘永利债券A,国寿安保中证500ETF联接,前海开源沪港深新硬件A,安信平稳增长混合发起A,鹏华双债加利债券A,前海开源沪港深新机遇混合,南方房地产ETF联接A,华安大中华升级股票,工银月月薪定期支付债券A,大成标普500等权重指数,创金合信国企活力混合,嘉实稳宏债券A,金信多策略精选灵活配置,泰康丰盈债券,安信工业4.0灵活配置混合A,安信工业4.0灵活配置混合C,上投摩根全球天然资源混合,汇添富年年益定开混合C,交银增利增强债券A,汇添富年年丰定开混合A,鹏华永泰定期开放债券,大成国家安全主题混合,汇安丰益混合A,鹏华丰饶定开债,中融量化智选混合A,南方荣年A,华安可转债债券A,前海联合泳涛混合A,华富强化回报债券(LOF),前海开源鼎裕债券C,嘉实稳宏债券C,南方沪深300联接基金A,前海开源多元策略混合C,长城悦享增利债券A,交银增利增强债券C,汇添富年年丰定开混合C,国联安优选行业混合,广发中证全指可选消费联接A,国寿安保健康科学混合C,中银证券聚瑞混合C,国泰可转债债券,嘉合磐通债券A,广发恒生中型股指数C,华夏新锦汇混合C,诺德新享灵活配置混合,国金民丰回报6个月定开混合,先锋聚元灵活配置混合C,金信民旺债券A,嘉实润泽量化定期混合,鹏华永泽18个月定开债,中科沃土转型升级混合,长安裕盛灵活配置混合A,中融沪港深大消费主题A,博时大中华亚太精选美元现汇,鹏华丰盛债券,国金量化多策略混合,融通收益增强债券A,山西改革精选灵活配置混合,东方红汇阳债券Z,农银汇理研究驱动混合,渤海汇金睿选混合A,富荣福康混合A,华夏聚惠(FOF)A,红塔红土盛商一年定开债A,富荣富乾债券A,华泰保兴策略精选A,华富星玉衡混合A,嘉实领航资产配置混合C,华富星玉衡混合C,广发恒生中型股指数A,大成恒生指数,国富美元债定开债美元现汇,华宝香港大盘A,嘉实新添泽定期混合,财通资管鑫逸混合C,长信全球债券美元,长信全球债券人民币,上投标普港股通低波红利指数A,华泰保兴策略精选C,汇添富中证港股通(LOF)C,中融量化智选混合C,东吴双三角股票C,前海开源价值策略股票,北信瑞丰鼎利债券C,富国兴利增强债券,诺德新盛灵活配置混合A,中欧可转债债券A,财通可转债债券C,中银证券祥瑞混合C,中银添利债券发起A,广发东财大数据精选混合A,国都量化精选混合,泰信鑫利混合A,北信瑞丰华丰灵配,长安鑫兴混合A,华泰柏瑞港股通量化混合,兴全恒益债券C,汇添富港股通专注成长,富国成长优选三年定开混合,中融沪港深大消费主题C,光大中高等级债券A,中欧可转债债券C,长安鑫禧灵活配置混合C,中银证券安弘债券A,红塔红土盛商一年定开债C,鹏华港美互联股票人民币,东吴优益债券C,渤海汇金睿选混合C,国泰招惠收益定期开放债券,富荣富安债券C,富荣富乾债券C,中航新起航灵活配置混合A,万家家瑞债券A,中航新起航灵活配置混合C,东兴量化优享混合,中加心悦混合C,中银证券安弘债券C,浦银安盛港股通量化混合A,融通收益增强债券C,先锋聚元灵活配置混合A,长信消费精选量化股票A,光大中高等级债券C,长安裕盛灵活配置混合C,兴银丰润灵活配置混合,易方达标普消费品指数美元现汇A,汇安资产轮动混合,华商上游产业股票,南方恒生中国企业ETF,东吴优益债券A,华商可转债债券A,华商可转债债券C,中加心悦混合A,华夏聚惠(FOF)C,诺德新旺,金鹰周期优选混合,南方希元转债,富荣福鑫混合A,中银证券祥瑞混合A,汇添富沪港深大盘价值混合,中银证券聚瑞混合A,上投标普港股通低波红利指数C,金信民旺债券C,金鹰元丰债券A,易方达纳斯达克100美元汇A,东吴双三角股票A,长安鑫禧灵活配置混合A,长信先优债券,鹏华香港银行指数(LOF)A,嘉实润和量化定期混合,易方达沪深300医药联接A,富荣福鑫混合C,易方达港股通红利混合,信达澳银新起点定期开放混合A,先锋聚优A,兴全恒益债券A,国寿安保消费新蓝海混合,先锋聚优C,万家家瑞债券C,诺德价值优势混合,诺德中小盘混合,华安CES港股通ETF,银华可转债债券,工银可转债优选债券C,华泰柏瑞中证500ETF联接A,广发中证京津冀发展ETF,红土创新增强收益债券A,东方人工智能主题混合,工银新经济人民币,工银新经济美元,益民优势安享混合,工银中证京津冀协同发展指数C,工银增强收益债券A,银河中证沪港深高股息C,银华瑞和灵活配置混合,国寿安保健康科学混合A,易方达标普消费品指数C,华安安心收益债券B,汇添富沪港深优势定开,安信恒利增强债券C,国都多策略混合,汇添富中证港股通(LOF)A,中融智选红利股票C,中融医疗健康混合C,长安裕腾混合C,渤海汇金量化汇盈混合,中海沪港深多策略灵活配置混合,易方达鑫转添利混合A,泰达宏利绩优混合,工银添祥一年定开债券,浦银安盛安久回报定开混合C,光大安泽债券C,华富恒富18个月定开债A,华夏债券A/B,富国港股通量化精选股票A,华富恒利债券C,先锋聚利混合C,前海开源裕瑞混合C,国融融君混合C,光大安泽债券A,长安鑫兴混合C,永赢双利债券A,红土创新增强收益债券C,先锋聚利混合A,浙商丰利增强债券,华泰保兴尊利债券A,汇安稳裕债券,新华安享多裕定开混合,财通瑞享12个月定开,国融融银灵活配置混合A,上投摩根香港精选港股通,汇安趋势动力股票C,华富可转债债券,华泰保兴尊利债券C,易方达鑫转添利混合C,安信恒利增强债券A,建信量化优享定开混合,浦银安盛安久回报定开混合A,华宝香港大盘C,汇安趋势动力股票A,中银证券瑞益灵活配置混合C,国富恒久信用债券C,财通新视野灵活配置混合A,华夏鼎沛债券C,招商丰茂灵活混合发起式A,新华双利债券C,平安港股通恒生中国企业ETF,前海联合泳隆混合A,民生加银信用双利债券C,九泰久稳灵活配置混合C,财通新视野灵活配置混合C,华夏鼎沛债券A,大成景荣债券A,中银证券新能源混合C,中银证券新能源混合A,中融智选红利股票A,中银添利债券发起C,南方广利回报债券C,富国全球科技互联网(QDII),长安裕腾混合A,恒生前海港股通高股息指数,华安可转债债券B,嘉实稳怡债券,前海开源裕瑞混合A,中融医疗健康混合A,国融融银灵活配置混合C,华宝香港中小C,创金合信鑫收益混合C,华夏全球科技先锋混合,光大多策略精选混合,华宝港股通恒生香港35,易方达香港小型股指数C,益民服务领先混合,中信建投睿信灵活配置混合C,银河中证沪港深高股息A,东方民丰回报赢安混合C,红塔红土长益定开债C,前海开源沪港深汇鑫混合A,银河通利债券(LOF)C,广发道琼斯石油指数人民币A,东方红信用债债券A,中邮健康文娱混合,交银中证海外中国互联网指数,招商丰茂灵活混合发起式C,南方香港优选股票,红土转型精选混合(LOF),北信瑞丰丰利混合,长盛可转债债券A,富荣富安债券A,中欧双利债券C,宝盈祥泰混合A,国金鑫瑞灵活配置混合,金鹰量化精选股票(LOF),中融融裕双利债券C,建信富时100指数(QDII)人民币A,大成恒生综合中小型股指数A,红塔红土长益定开债A,财通收益增强债券A,工银可转债优选债券A,中银证券瑞益灵活配置混合A,国融融君混合A,鑫元恒鑫收益增强债券型发起式A,建信新兴市场混合(QDII),嘉实新添丰定期混合,广发集丰债券A,易方达标普500指数人民币A,光大安诚债券A,长盛环球行业混合(QDII),长城积极增利债券C,华富恒富18个月定开债C,广发道琼斯石油指数人民币C,新华增强债券A,嘉合磐通债券C,泰信优质生活混合,鹏华可转债债券A,融通中证云计算与大数据主题指数(LOF),交银双利债券A/B,嘉实领航资产配置混合A,泓德裕泰债券A,东吴多策略混合A,华安强化收益债券A,安信永泰定开债发起式,华商稳健双利债券B,交银安心收益债券,万家瑞兴,北信瑞丰鼎利债券A,中银产业债债券A,建信社会责任混合,华夏鼎利债券发起式A,银华信用双利债券A,长信先机两年定开混合,信诚增强收益债券(LOF),国寿安保尊利增强回报债券A,易方达标普生物科技美元汇A,鹏华丰和债券(LOF)C,易方达纳斯达克100人民币A,易方达标普生物科技人民币A,富国中国中小盘混合(QDII)人民币,工银添颐债券B,银华富裕主题混合,信诚中证基建工程指数(LOF)A,信诚中证信息安全指数(LOF)A,华安安华灵活配置混合,财通资管鑫逸混合A,易方达双债增强债券A,光大安祺债券C,华安大安全主题混合A
鹏华消费优选混合,华泰柏瑞行业领先混合,工银红利混合,泰达宏利行业混合,华夏策略混合,泰达宏利首选企业股票,银华消费主题混合A,信诚新兴产业混合A,东吴新产业精选股票A,海富通股票混合,中信保诚至远动力混合A,兴全社会责任混合,国投瑞银新兴产业混合,华商价值共享混合发起式,中银收益混合A,招商大盘蓝筹混合,景顺长城动力平衡混合,新华泛资源优势混合,民生加银积极成长混合发起式,银华优势企业混合,中银主题策略混合,华商领先企业混合,华商大盘量化精选混合,华安创新混合,诺安灵活配置混合,民生加银策略精选混合A,海富通中小盘混合,东方新能源汽车混合,新华行业周期轮换混合,国投瑞银核心企业混合,长信银利精选混合,信诚中小盘混合,德邦优化混合,华安策略优选混合A,国投瑞银成长优选混合,国联安主题驱动混合,天治核心成长混合(LOF),上投摩根双核平衡混合,泰达宏利周期混合,宝盈资源优选混合,华富竞争力优选混合,招商核心价值混合,国联安精选混合,银华领先策略混合,工银优质精选混合,华夏收入混合,中信保诚精萃成长混合,银华中小盘混合,申万菱信盛利精选混合,宝盈核心优势混合C,鹏华中国50混合,鹏华动力增长混合(LOF),宝盈鸿利收益灵活配置混合A,工银信息产业混合A,浦银安盛新经济结构混合A,申万菱信中证环保产业指数(LOF)A,上投摩根转型动力灵活配置混合,华商优势行业混合,景顺长城成长之星股票,华商创新成长混合发起式,华夏兴华混合A,金鹰稳健成长混合,大摩品质生活精选股票,上投摩根民生需求股票,华商新锐产业混合,建信改革红利股票,华宝先进成长混合,华商红利优选混合,国泰估值优势混合(LOF),华安新丝路主题股票A,大成蓝筹稳健混合,泰达转型机遇股票A,华夏兴和混合,新华趋势领航混合,鹏华养老产业股票,国金国鑫发起A,华商策略精选混合,工银中小盘混合,大摩多因子策略混合,上投摩根中小盘混合,民生加银养老服务混合,银华价值优选混合,宝盈先进制造混合A,长盛高端装备混合,诺安新经济股票,上投摩根安全战略股票,中欧明睿新起点混合,大摩领先优势混合,华商价值精选混合,中银宏观策略混合,工银丰收回报灵活配置混合A,华商量化进取混合,泰达宏利复兴混合,工银聚焦30股票,华夏复兴混合,长盛电子信息主题灵活配置混合,金鹰主题优势混合,信诚优胜精选混合,工银互联网加股票,华泰柏瑞盛世中国混合,华泰柏瑞积极成长混合A,华安文体健康混合A,华商新常态混合,鹏华消费领先混合,华安逆向策略混合A,中欧行业成长混合(LOF)A,工银医疗保健股票,民生加银优选股票,申万菱信新经济混合,长信多利混合A,新华鑫益灵活配置混合C,上投摩根智慧互联股票,国泰互联网+股票,东方创新科技混合,国泰金龙行业混合,华商智能生活灵活配置混合,华泰柏瑞激励动力混合A,融通动力先锋混合,申万菱信新能源汽车混合,银华中国梦30股票,华泰柏瑞健康生活混合,财通多策略精选混合(LOF),中邮信息产业灵活配置混合,银华大数据灵活配置定开混合,工银丰盈回报灵活配置混合A,融通新区域新经济灵活配置混合,工银消费服务混合A,工银高端制造股票,国投瑞银锐意改革混合,泰达宏利新起点混合A,工银新材料新能源股票,中银智能制造股票A,工银农业产业股票,银华战略新兴定开混合,新华科技创新主题灵活配置混合,国寿安保稳惠混合,东吴行业轮动混合A,嘉实环保低碳股票,华宝行业精选混合,上投摩根整合驱动混合,银华多元视野灵活配置混合,西部利得新盈混合,华夏国企改革混合,嘉实智能汽车股票,诺安研究精选股票,安信新回报混合C,新华鑫动力灵活配置混合C,华夏消费升级灵活配置混合A,银华稳利灵活配置混合C,交银国证新能源指数(LOF)A,海富通改革驱动混合,宝盈互联网沪港深混合,中银战略新兴产业股票A,工银丰收回报灵活配置混合C,银河智造混合,工银新趋势灵活配置混合A,工银主题策略混合A,华泰柏瑞激励动力混合C,国投瑞银策略精选混合,华夏消费升级灵活配置混合C,华商万众创新混合,中加心享混合C,华夏高端制造混合,银河智联混合,工银新趋势灵活配置混合C,安信优势增长混合C,华夏经济转型股票,国寿安保核心产业混合,九泰锐益混合(LOF),海富通风格优势混合,西部利得行业主题优选混合A,新华鑫动力灵活配置混合A,招商境远灵活配置混合,西部利得行业主题优选混合C,工银文体产业股票A,民生加银研究精选混合,中欧明睿新常态混合A,华商乐享互联灵活配置混合A,金鹰改革红利混合,工银新金融股票A,兴全全球视野股票,上投摩根核心优选混合,东方龙混合,华安国企改革主题灵活配置混合,泰达宏利新起点混合B,华夏创新前沿股票,工银新焦点混合A,西部利得景瑞灵活配置混合A,工银新焦点混合C,国泰国证新能源汽车指数,国投瑞银稳健增长混合,大成2020生命周期混合,银河主题混合,长信利信混合A,九泰泰富灵活配置混合(LOF),工银稳健成长混合A,工银核心价值混合A,新华战略新兴产业灵活配置混合,工银沪港深股票A,中加心享混合A,华宝新兴产业混合,银华体育文化灵活配置混合,嘉实新能源新材料股票A,工银新生利混合,工银银和利混合,工银大盘蓝筹混合,上投摩根行业轮动混合A,华富天鑫灵活配置混合A,华安新泰利灵活配置混合C,华安沪港深通精选灵活配置混合,嘉实新能源新材料股票C,前海联合泓鑫混合A,华安新泰利灵活配置混合A,中欧行业成长混合(LOF)C,广发中证环保ETF,工银瑞信灵活配置混合A,国投瑞银美丽中国混合,工银新蓝筹股票A,银华盛世精选灵活配置混合发起式A,泰达宏利市值优选混合,华安沪港深外延增长混合,建信环保产业股票,安信优势增长混合A,申万菱信新动力混合,工银国企改革股票,宝盈核心优势混合A,银华和谐主题混合,天弘精选混合,华富天鑫灵活配置混合C,华商元亨灵活配置混合,华商新量化混合,国泰优势行业混合,国泰中小盘成长混合(LOF),浦银安盛盛世精选混合A,鹏华环保产业股票,鹏华沪深港互联网股票,华富产业升级灵活配置混合,鹏华价值精选股票,国投瑞银瑞盛混合(LOF),华商动态阿尔法混合,华富成长趋势混合,中信建投智信物联网C,浦银安盛盛世精选混合C,鹏华品牌传承混合,兴业成长动力混合,天弘互联网混合,国寿安保成长优选股票,华夏能源革新股票A,工银新得利混合,国投瑞银创新动力混合,华商研究精选灵活配置,华夏领先股票,华夏优势增长混合,融通新能源灵活配置混合,宝盈科技30混合,工银智能制造股票,国泰新经济灵活配置混合,工银生态环境股票,银华新能源新材料A,长信低碳环保行业量化股票A,鹏扬景泰成长混合A,银华稳利灵活配置混合A,万家成长优选混合C,国寿安保策略精选混合(LOF),鹏扬景泰成长混合C,银河研究精选混合,华商鑫安灵活混合,银华聚利灵活配置混合C,银华聚利灵活配置混合A,宝盈转型动力混合,银华瑞泰灵活配置混合,中欧行业成长混合(LOF)E,华安幸福生活混合,中信保诚至远动力混合C,鹏扬景欣混合A,华夏行业龙头混合,银华智荟内在价值灵活配置,招商中国机遇股票,中欧先进制造股票C,万家成长优选混合A,鹏扬景欣混合C,华安红利精选混合,鹏华研究精选灵活配置混合,工银新生代消费混合,国投瑞银进宝灵活配置混合,银华多元动力灵活配置混合,鹏扬景升A,鹏扬景升C,银华估值优势混合,银华新能源新材料C,国投瑞银精选收益混合,华安研究精选混合A,中欧先进制造股票A,华富价值增长混合,建信恒久价值混合,国投瑞银研究精选股票,民生加银新兴成长混合,中欧明睿新常态混合C,银华心诚灵活配置混合A,银华积极成长混合A,中欧创新成长灵活配置混合A,申万菱信智能驱动股票,广发百发100指数E,宝盈人工智能股票C,银河银泰混合,华夏战略新兴成指ETF,中欧创新成长灵活配置混合C,前海联合研究优选混合A,前海联合研究优选混合C,汇安裕阳定开混合,银华心怡灵活配置混合A,创金合信工业周期股票A,融通新能源汽车主题精选混合A,恒越研究精选混合A/B,中信建投智信物联网A,宝盈人工智能股票A,工银聚福混合A,东方精选混合,上投创新商业模式混合,创金合信工业周期股票C,鹏华产业精选,工银聚福混合C,广发百发100指数A,嘉实研究精选混合A,新华优选成长混合,太平灵活配置,泰达宏利效率优选混合,民生加银品牌蓝筹混合,建信鑫利灵活配置混合,华夏潜龙精选股票,中银优选灵活配置混合A,国泰江源优势精选混合A,银华高端制造业混合,银华明择多策略定期开放混合,华商主题精选混合,东吴新趋势价值线混合,工银养老产业股票A,银河收益混合,金鹰策略配置混合,安信新回报混合A,信诚周期轮动混合(LOF)A
华夏永福混合A,华安升级主题混合,安信灵活配置混合,国联安小盘精选混合,国联安优势混合,民生加银内需增长混合,兴全有机增长混合,中邮核心优势灵活配置混合,长盛成长价值混合A,银河蓝筹混合,中欧盛世成长混合(LOF)A,银河稳健混合,东方成长收益灵活配置混合A,鹏华精选成长混合,华宝多策略增长开放,天弘安康颐养混合A,中银多策略混合A,长盛同益成长回报(LOF),东方红产业升级混合,国联安稳健混合,西部利得策略优选混合A,天弘通利混合,上银新兴价值成长混合,华润元大量化优选混合A,民生加银城镇化混合A,鹏华策略优选灵活配置混合,长信改革红利混合,国投瑞银新机遇灵活配置混合C,工银新财富灵活配置混合,工银创新动力股票,兴业多策略混合,华安核心优选混合,景顺长城资源垄断混合,中欧瑾泉灵活配置混合A,鹏华弘利混合C,中欧价值发现混合A,鹏华弘盛混合A,中欧价值智选混合A,华安安享混合,景顺长城中国回报灵活配置混合,长信利广混合A,鹏华弘鑫混合A,中欧丰泓沪港深混合A,华安新回报灵活配置混合,鹏华弘盛混合C,中欧瑾源灵活配置混合A,东方红稳健精选混合A,安信稳健增值混合C,长信新利灵活配置混合,天弘惠利混合,富国中证银行指数(LOF)A,东方红中国优势混合,安信稳健增值混合A,兴全商业模式优选混合,西部利得新动向混合,鹏华弘鑫混合C,泰达宏利创盈混合B,鹏华弘润混合A,泰达宏利创盈混合A,天弘新价值混合,中欧新动力混合(LOF)A,中欧价值发现混合E,中欧新动力混合(LOF)E,中欧盛世成长混合(LOF)E,长盛转型升级主题灵活配置混合,方正富邦保险主题指数,华宝制造股票,东方红睿逸定期开放混合,鹏华盛世创新混合(LOF),鹏华弘实混合C,中欧潜力价值灵活配置混合A,中银新趋势混合,东方红领先精选混合,中邮乐享收益灵活配置混合,泓德优选成长混合,国联安添鑫灵活配置混合A,诺安低碳经济股票A,鹏华弘信混合A,东方红策略精选混合A,鹏华弘润混合C,华安添颐混合,东方红策略精选混合C,德邦大健康灵活配置混合,天弘新活力混合,银河转型混合,中邮核心竞争力灵活配置混合,民生加银新战略混合A,鹏华弘利混合A,国联安添鑫灵活配置混合C,申万菱信多策略灵活配置混合C,国寿安保稳信混合C,鹏华弘和混合A,鹏华弘和混合C,鹏华弘华混合A,鹏华弘华混合C,鹏华弘信混合C,泰达宏利创益混合A,中欧永裕混合A,鹏华弘益混合A,泓德泓富混合A,泓德泓富混合C,长信利盈混合A,中欧瑾泉灵活配置混合C,中银宝利混合A,中银新机遇混合A,中银新财富混合C,中银新财富混合A,东方新策略灵活配置混合C,中银珍利混合C,东方新价值混合C,鹏华弘实混合A,泓德泓业混合,中银宝利混合C,鹏华先进制造股票,安信新动力混合C,安信新动力混合A,泓德泓信混合,长盛同享灵活配置C,大摩进取优选股票,中银腾利混合C,中银腾利混合A,嘉实新趋势混合,中银裕利混合C,长信利泰灵活配置混合A,华安安康灵活配置混合A,东方红京东大数据混合,东方红睿轩三年定开混合,东吴安盈量化混合,中银新经济灵活配置混合,银华鑫锐灵活配置混合(LOF)A,长盛盛世混合C,中银瑞利混合A,东吴安鑫量化混合,兴业聚利灵活配置混合,招商中证银行指数A,中银鑫利混合C,中欧养老产业混合A,泓德战略转型股票,天弘周期策略混合,长信利盈混合C,天弘价值精选灵活配置混合,中欧瑾通灵活配置混合A,中欧瑾通灵活配置混合C,博时乐臻定开混合,鹏华弘惠灵活配置混合C,鹏华弘惠灵活配置混合A,中欧丰泓沪港深混合C,东方红价值精选混合A,国投瑞银新增长混合A,中银颐利混合A,东方红战略精选混合A,华夏新锦绣混合A,安信新成长混合C,长盛盛辉混合C,中欧瑾源灵活配置混合C,东方红优势精选混合,申万菱信多策略灵活配置混合A,东方红睿华沪港深混合(LOF),兴全新视野定开混合,长盛国企改革混合,长盛同盛成长优选(LOF),金元顺安消费主题混合,嘉实新起点混合A,中银价值混合,东方红优享红利混合,东方红睿丰混合,东方红睿阳三年混合,鹏华弘达混合A,长盛盛辉混合A,中银宏利混合A,中银丰利混合C,中银新机遇混合C,招商睿逸混合,长盛中小盘精选混合,中银颐利混合C,安信新成长混合A,中银丰利混合A,鹏华弘嘉混合C类,鹏华弘嘉混合A类,鹏华弘尚灵活配置混合A,鹏华弘尚灵活配置混合C,安信新优选混合A,嘉实周期优选混合,泓德泓华混合,东方红睿元混合,东方红稳健精选混合C,方正富邦红利精选混合A,泓德泓汇混合,长盛同享灵活配置A,国寿安保稳嘉混合C,中欧价值智选混合C,招商兴福混合A,宝盈消费主题混合,华安新丰利灵活配置混合A,国联安鑫乾混合C,嘉实策略优选混合,安信新趋势混合C,中欧盛世成长混合(LOF)C,建信鑫瑞回报灵活配置混合,华安新瑞利混合A,中欧新动力混合(LOF)C,安信新趋势混合A,泓德优势领航混合,万家瑞祥混合C,中银广利灵活配置混合C,国寿安保稳嘉混合A,中银新回报灵活配置混合A,国联安安稳混合,中银润利混合C,万家瑞祥混合A,华夏磐泰混合(LOF)A,国寿安保稳诚混合C,中欧价值发现混合C,中欧时代先锋股票C,国投瑞银瑞泰多策略混合A,万家消费成长,国寿安保稳荣混合A,国寿安保稳荣混合C,上银鑫达混合,德邦新回报灵活配置混合,银河君润混合A,国联安鑫发混合A,华安行业轮动混合,天弘中证银行ETF联接A,鹏华文化传媒娱乐股票,华安新丰利灵活配置混合C,国联安鑫发混合C,鹏华兴泰定期开放混合,鹏华兴惠定期开放混合,嘉实研究增强混合,招商兴福混合C,天弘中证银行ETF联接C,长盛量化多策略灵活配置混合,东方红新动力混合,东方价值挖掘灵活配置混合A,东方红智逸沪港深定开混合,国投瑞银新机遇灵活配置混合A,兴业国企改革混合,长盛信息安全量化策略混合,鹏华宏观灵活配置混合,东方红沪港深混合,国寿安保稳信混合A,华安沪港深机会灵活配置混合,银河成长混合,华宝中证银行ETF,安信新优选混合C,中银润利混合A,中银广利灵活配置混合A,民生加银前沿科技灵活配置混合,华宝标普中国A股红利机会指数A,招商安泰平衡混合,长盛同德主题混合,光大吉鑫混合C,中欧康裕混合C,长盛盛世混合A,中银珍利混合A,民生加银稳健成长混合,中银裕利混合A,兴全趋势投资混合(LOF),鹏华价值优势混合(LOF),鹏华兴安定期开放混合,中欧恒利三年定期开放混合,广发鑫和灵活配置混合A,东方红睿玺三年定开混合A,广发鑫和灵活配置混合C,东方红价值精选混合C,华宝标普中国A股红利机会指数C,鹏华尊惠定期开放混合A,万家潜力价值灵活配置混合A,太平改革红利精选混合,万家潜力价值灵活配置混合C,鹏华尊惠定期开放混合C,中欧嘉泽灵活配置混合,长信利尚一年定开混合,中银宏利混合C,东方新价值混合A,国寿安保稳泰一年定开混合A,国寿安保稳泰一年定开混合C,景顺长城睿成混合C,中欧时代智慧混合C,中欧康裕混合A,景顺长城睿成混合A,银河智慧混合,长信乐信灵活配置混合C,长信乐信灵活配置混合A,安信比较优势混合,中欧瑾灵灵活配置混合C,中欧瑾灵灵活配置混合A,民生加银鹏程混合A,东方新策略灵活配置混合A,东方红战略精选混合C,中银金融地产混合A,中欧时代智慧混合A,嘉实金融精选股票A,华泰柏瑞新兴产业混合A,华安睿明两年定开混合C,万家量化同顺混合A,前海开源再融资股票,国投瑞银瑞祥A,中航军民融合精选C,万家量化同顺混合C,东方红配置精选混合A,中银双息回报混合,中欧潜力价值灵活配置混合C,中银景福回报混合,华安安康灵活配置混合C,兴业龙腾双益平衡混合,嘉实金融精选股票C,华安睿明两年定开混合A,中银瑞利混合C,泓德泓益量化混合,永赢惠添利灵活配置混合,中欧时代先锋股票A,英大睿盛C,英大睿盛A,平安行业先锋混合,安信新常态股票A,万家新机遇价值驱动A,东方红睿泽三年定开混合A,银河君润混合C,光大吉鑫混合A,万家新机遇价值驱动C,国寿安保稳诚混合A,东方红睿满沪港深混合(LOF),鹏华弘达混合C,鹏华兴悦定期开放混合,华宝收益增长混合,兴全可转债混合,东吴双动力混合A,中航军民融合精选A,华夏永福混合C,鹏华弘益混合C,中欧永裕混合C,广发安悦回报混合A,中欧价值智选混合E,长信利广混合C,鹏华银行A,嘉实新起点混合C,中欧睿泓定开混合,诺安平衡混合,中银鑫利混合A,嘉实新思路混合,华安新瑞利混合C,东方红配置精选混合C,国联安鑫乾混合A
申万菱信量化小盘股票(LOF)A,南方上证380ETF,大成中证500沪市ETF,海富通中证500增强A,嘉实中创400ETF,浦银安盛基本面400指数,南方上证380ETF联接A,建信中证500指数增强A,华泰柏瑞上证中小盘ETF,华安大国新经济股票,南方大数据100A,富国中证500指数增强(LOF)A,广发中证全指原材料ETF,汇添富成长多因子量化策略股票,建信精工制造指数增强,华宝中证1000指数,中欧数据挖掘混合A,创金合信量化发现混合A,中邮中证500指数增强A,嘉实中创400ETF联接A,华夏智胜价值成长C,中金中证500A,南方中证500量化增强C,创金合信中证500指数增强A,华夏智胜价值成长A,南方中证500量化增强A,北信瑞丰研究精选,南方中证1000ETF,中金中证500C,招商中证1000指数增强C,华泰柏瑞量化先行混合A,创金合信中证1000指数增强A,长盛同鑫行业配置混合A,华夏鼎融债券A,华泰柏瑞量化智慧混合A,泰信中证锐联基本面400指数(LOF),招商中证1000指数增强A,建信民丰回报混合,创金合信中证1000指数增强C,华安物联网主题股票,富国新兴成长量化精选混合(LOF)A,创金合信量化发现混合C,嘉实中小企业量化活力混合,招商中证500指数C,招商中证500指数A,南方大数据100C,景顺长城量化小盘股票,富国丰利增强债券,中欧数据挖掘混合C,华夏鼎融债券C,创金合信量化多因子股票C,中金优选300指数(LOF)A,富国中证1000指数增强(LOF)A,国投中证500指数量化增强A,华宝中证500增强C,华宝中证500增强A,建信中证500指数增强C,中金优选300指数(LOF)C,鹏华量化先锋混合,华泰柏瑞量化智慧混合C,东方量化成长灵活配置混合,创金合信量化多因子股票A,创金合信中证500指数增强C,长城中证500指数增强A,泰达中证500指数增强(LOF),富国中证红利指数增强A,招商量化精选股票A
汇添富上证综合指数,建信上证社会责任ETF联接,海富通中证100指数(LOF)A,华安上证180ETF,华安上证龙头ETF,上证综指ETF,交银上证180公司治理ETF,中盘ETF,诺安多策略混合,万家180指数,南方小康ETF联接A,华夏上证50ETF,工银上证央企ETF,大成中证100ETF,交银上证180公司治理联接,国联安中证100指数(LOF),上投摩根中证消费服务指数,上证金融地产发起式ETF,国富中证100指数增强(LOF),中证南方小康产业指数ETF,万家上证50ETF,国金鑫新灵活配置(LOF),易方达中证国企改革(LOF)A,汇丰晋信恒生龙头指数C,国金上证50指数增强(LOF),长盛上证50指数(LOF),天弘上证50指数A,博时上证50ETF,易方达上证50指数(LOF)A,中银上证国企100ETF,建信责任ETF,海富通上证非周期ETF,南方宝元债券A,泰达宏利红利先锋混合,博时上证50ETF联接A,海富通上证周期ETF,益民品质升级混合,银华泰利灵活配置混合C,汇丰晋信大盘波动股票C,中海上证50指数增强,银华通利混合C,华夏上证50AH优选指数A,银华通利混合A,华泰柏瑞享利混合A,国联安鑫隆混合C,国联安鑫隆混合A,红塔红土稳健回报A,汇丰晋信恒生龙头指数A,广发百发大数据价值混合A,人保双利C,华泰柏瑞享利混合C,华宝上证180价值ETF,广发百发大数据价值混合E,红塔红土稳健回报C,汇丰晋信大盘波动股票A,嘉实富时中国A50ETF,浦银安盛沪港深基本面100,建信上证50ETF,人保双利A,嘉实富时中国A50ETF联接A,富安达长盈灵活配置混合,申万菱信上证50ETF,诺安优化配置混合,华夏上证50AH优选指数C,银华泰利灵活配置混合A,银河量化稳进混合,银华中证等权重90指数(LOF),天弘上证50指数C
天治低碳经济混合,建信央视财经50指数(LOF),信诚新机遇混合(LOF),招商央视财经50指数A,金鹰元安混合A,银华优质增长混合,深F60ETF,长盛量化红利混合,华安新活力混合,国联安通盈混合A,嘉实对冲套利定期混合A,中银策略混合,前海开源股息率100强股票,华润元大富时中国A50指数A,申万菱信安鑫回报混合C,西部利得成长精选混合,中欧琪和灵活配置混合C,申万菱信沪深300价值指数A,德邦鑫星价值灵活配置混合A,安信鑫安得利混合A,国联安鑫享灵活配置混合A,申万菱信安鑫回报混合A,国联安睿祺灵活配置混合,中欧琪和灵活配置混合A,华夏新机遇混合A,万家瑞益灵活配置混合C,万家瑞益灵活配置混合A,东方盛世灵活配置混合A,光大欣鑫混合A,光大欣鑫混合C,金鹰技术领先灵活配置混合C,银河沪深300价值指数A,国联安鑫享灵活配置混合C,广发安享混合C,广发安享混合A,国联安通盈混合C,银河君信混合A,华富益鑫灵活配置混合A,银河君荣灵活配置混合A,银河君荣灵活配置混合C,银河君信混合I,新疆前海联合新思路混合A,银河君尚混合C,银河君尚混合I,安信新价值混合C,银河君尚混合A,金鹰元安混合C,安信新价值混合A,银河君荣灵活配置混合I,泰达宏利稳定混合,国寿安保强国智造混合,富国中证国有企业改革指数(LOF)A,新疆前海联合新思路混合C,信达澳银新目标混合,银河睿利混合C,工银新得益混合,光大事件驱动混合,华安新恒利混合A,华富弘鑫混合C,华富弘鑫混合A,德邦稳盈增长灵活配置混合,华安新恒利混合C,博时鑫润混合A,国联安鑫汇混合A,万家瑞盈灵活配置混合C,银河君盛混合C,汇安丰泽混合C,汇安丰泽混合A,国联安鑫汇混合C,长盛盛丰灵活配置混合A,长盛盛丰灵活配置混合C,万家瑞盈灵活配置混合A,博时鑫润混合C,金鹰技术领先灵活配置混合A,华富益鑫灵活配置混合C,银河君耀混合A,前海开源盈鑫C,国泰民丰回报定开混合,前海开源盈鑫A,诺安积极回报混合A,金鹰元禧混合C,金鹰元禧混合A,招商央视财经50指数C,银河嘉谊灵活配置混合C,格林伯元灵活配置C,格林伯元灵活配置A,万家瑞舜灵活配置混合A,国寿安保稳吉混合A,国寿安保稳吉混合C,国寿安保稳瑞混合A,汇安多策略混合A,汇安成长优选混合C,汇安多策略混合C,汇安成长优选混合A,万家瑞丰灵活配置混合A,万家瑞尧灵活配置混合C,银河嘉谊灵活配置混合A,工银新增利混合,安信鑫安得利混合C,中信保诚盛世蓝筹混合,嘉实基本面50指数(LOF)A,国寿安保华兴灵活配置混合,万家瑞尧灵活配置混合A,德邦鑫星价值灵活配置混合C,富安达行业轮动混合,嘉实基本面50指数(LOF)C,银河君耀混合C,万家瑞舜灵活配置混合C,银河睿利混合A,银河君信混合C,国寿安保稳瑞混合C,国寿安保稳寿混合A,大成中证红利指数A,万家瑞丰灵活配置混合C,国寿安保稳寿混合C,银河君盛混合A,银河量化价值混合A
益民创新优势混合,银华沪深300指数(LOF),华安中国A股增强指数,东吴中证新兴指数,嘉实研究阿尔法股票,信达澳银领先增长混合,博时沪深300指数A,鹏华信用增利债券B,鹏华信用增利债券A,国富沪深300指数增强,工银绝对收益混合发起B,华泰柏瑞量化优选混合,兴全沪深300指数(LOF)A,华泰柏瑞量化驱动混合A,平安鑫享混合C,平安鑫享混合A,南方大数据300A,南方大数据300C,景顺长城领先回报混合A,嘉实事件驱动股票,富国绝对收益多策略混合A,景顺长城优质成长股票,华泰柏瑞量化绝对收益混合,上投摩根动态多因子混合,创金合信沪深300指数增强C,创金合信沪深300指数增强A,景顺长城领先回报混合C,万家沪深300指数增强A,财通资管积极收益债券A,广发百发大数据精选混合A,财通资管积极收益债券C,招商沪深300指数增强A,建信鑫荣回报灵活配置混合,大成核心双动力混合,德邦量化优选股票(LOF)C,创金合信量化核心混合C,前海开源嘉鑫混合A,工银新机遇灵活配置混合A,富国沪深300指数增强A,嘉实绝对收益策略定期混合A,工银新价值灵活配置混合A,博时量化平衡混合,富国天惠成长混合A/B(LOF),创金合信量化核心混合A,德邦量化优选股票(LOF)A,信诚多策略灵活配置混合,富国天惠成长混合C,信诚量化阿尔法股票A,前海开源嘉鑫混合C,国投瑞银中证消费服务指数,建信鑫利回报灵活配置混合A,景顺长城量化平衡混合,建信量化事件驱动股票,建信鑫泽回报灵活配置混合C,上投摩根优选多因子股票,前海开源沪港深景气行业精选混合,华泰柏瑞量化阿尔法A,万家量化睿选混合,富国宝利增强债券,建信鑫利回报灵活配置混合C,工银新机遇灵活配置混合C,上投摩根量化多因子混合,博时量化多策略股票C,博时沪深300指数C,博时量化多策略股票A,广发百发大数据精选混合E,财通中证ESG100指数增强A,浦银安盛量化多策略混合A,万家沪深300指数增强C,博时量化价值股票A,博道启航混合C,景顺长城量化先锋混合,德邦民裕进取量化混合C,财通资管积极收益债券E,平安MSCI中国A股ETF,财通量化核心优选混合,安信量化优选股票A,建信鑫泽回报灵活配置混合A,博时量化价值股票C,德邦民裕进取量化混合A,财通鑫盛6个月定开,景顺长城MSCI中国A股国际通,浦银安盛量化多策略混合C,长城久泰沪深300指数A,安信量化优选股票C,博道启航混合A,大摩量化配置混合A,华泰柏瑞量化增强混合A,华泰柏瑞量化对冲,中金绝对收益,招商沪深300指数增强C,工银绝对收益混合发起A,财通中证ESG100指数增强C
诺德灵活配置混合,中银消费主题混合,万家中证红利指数(LOF),信诚深度价值混合(LOF),东吴新经济混合A,华夏医药ETF,华泰柏瑞上证红利ETF,国联安红利混合,天治趋势精选混合,泰信行业精选混合A,博时上证自然资源ETF,新华中小市值优选混合,大摩消费领航混合,招商上证消费80ETF,国联安上证商品ETF,农银高增长混合,诺安新动力灵活配置混合A,农银行业领先混合,建信恒稳价值混合,金元顺安宝石动力混合,国投瑞银瑞源灵活配置混合,平安策略先锋混合,兴全绿色投资混合(LOF),农银行业轮动混合,浦银安盛红利精选混合A,长城双动力混合,中银中小盘成长混合,长城稳健成长灵活配置混合,国投瑞银中证资源指数,中银美丽中国混合,上投摩根健康品质生活混合,中海蓝筹混合,鹏华中证A股资源产业指数(LOF)A,诺安策略精选股票,华夏希望债券C,汇丰晋信中小盘股票,万家双引擎灵活配置混合,农银平衡双利混合,国富成长动力混合,农银策略精选混合,前海开源事件驱动混合A,东吴阿尔法灵活配置混合A,东方多策略灵活配置混合A,中海积极收益混合,长盛城镇化主题混合,民生加银精选混合,长城久鑫灵活配置,广发逆向策略混合A,泰达宏利领先中小盘混合,招商丰盛稳定增长混合A,长安产业精选混合A,工银研究精选股票,银河灵活配置混合C,国投瑞银信息消费混合,农银医疗保健股票,广发信息技术联接A,平安新鑫先锋A,长城久恒灵活配置混合,建信睿盈灵活配置混合A,建信潜力新蓝筹股票,博时上证超大盘ETF,易方达裕如混合,国投瑞银新丝路混合(LOF),新华中证环保产业指数,浙商汇金转型成长,博时鑫泰混合C,中融国企改革混合,华富智慧城市灵活配置混合,创金合信沪港深精选混合,中海积极增利混合,天弘中证计算机ETF联接A,天弘中证计算机ETF联接C,华安中证银行指数,兴银鼎新灵活配置混合,英大灵活配置混合型发起式B,德邦福鑫灵活配置混合A,安信中证一带一路主题指数,中融中证煤炭指数(LOF),大成正向回报灵活配置混合,华富国泰民安灵活配置混合,长城久惠灵活配置混合,上投摩根新兴服务股票,鑫元鑫新收益灵活配置混合A,鹏华中证医药卫生(LOF)A,西部利得多策略优选混合,前海开源强势共识100强股票,前海开源优势蓝筹股票C,中融新机遇混合,南方中证高铁产业指数(LOF),泰达宏利蓝筹混合,鹏华中证高铁产业指数(LOF),中邮趋势精选灵活配置混合,建信消费升级混合,金鹰红利价值混合,中海优势精选灵活配置混合,长城新兴产业混合,农银工业4.0混合,农银消费主题混合A,安信合作创新灵活配置混合,农银主题轮动混合,中邮稳健添利灵活配置混合,中海进取收益混合,富国研究优选沪港深混合,浦银安盛睿智精选混合A,中邮低碳配置混合,工银物流产业股票,农银新能源主题,前海开源事件驱动混合C,泰信行业精选混合C,中海顺鑫灵活配置混合,博时工业4.0主题股票,长城新优选混合A,前海开源沪港深龙头精选混合,德邦福鑫灵活配置混合C,诺安景鑫灵活配置混合,英大策略优选A,英大策略优选C,华宝核心优势混合,华夏消费ETF,华夏希望债券A,金信转型创新成长混合发起式,建信弘利灵活配置混合,中邮新思路灵活配置混合,东吴移动互联混合A,中海魅力长三角混合,浦银安盛睿智精选混合C,南方中证500信息技术联接A,汇添富中证上海国企ETF,长城新优选混合C,招商丰利灵活配置混合C,诺安利鑫灵活配置混合A,浦银安盛消费升级混合C,东吴智慧医疗量化混合A,前海开源恒远灵活配置混合,农银汇理国企改革混合,博时睿利事件驱动(LOF),建信兴利灵活配置混合,广发百发大数据成长混合A,华夏新起点混合A,广发百发大数据成长混合E,招商增荣混合(LOF),招商丰盛稳定增长混合C,上投摩根文体休闲灵活配置混合,建信丰裕多策略混合(LOF),浦银安盛消费升级混合A,华商新动力混合,金信量化精选混合,大成动态量化混合,中邮核心成长混合,嘉实物流产业股票C,嘉实惠泽混合(LOF),国投瑞银瑞利混合(LOF),信诚至利混合C,南方医药保健灵活配置混合,长安产业精选混合C,银华鑫盛灵活配置混合(LOF)A,招商丰利灵活配置混合A,中国梦灵活配置混合,招商沪深300高贝塔,银河灵活配置混合A,前海开源沪港深大消费混合A,长信创新驱动股票,金鹰鑫益混合A,金元顺安成长动力混合,前海开源沪港深大消费混合C,农银策略价值混合,华宝转型升级混合,九泰锐丰灵活配置混合(LOF)A,富国睿利定开混合发起式,工银国家战略股票,信诚至利混合A,中融中证银行指数(LOF),金鹰鑫益混合C,景顺长城低碳科技主题混合,海富通沪港深灵活配置混合,大成景尚灵活配置混合A,招商沪港深科技创新混合A,汇安丰华混合C,前海开源沪港深乐享生活,富国中证娱乐主题指数增强(LOF)A,信诚新悦回报灵活配置混合B,信诚新悦回报灵活配置混合A,华夏行业景气混合,财通福盛混合发起(LOF)A,平安鑫利混合A,新华外延增长主题灵活配置混合,东海祥龙混合(LOF),汇丰晋信2026周期混合,英大睿鑫C,东方周期优选灵活配置混合,汇安丰华混合A,建信中国制造2025股票A,长城中国智造灵活配置混合A,农银区间收益混合,诺德成长精选C,诺德成长精选A,前海开源周期优选混合A,博时鑫泰混合A,信达澳银新财富混合,前海开源周期优选混合C,山西策略灵活配置混合,泰康沪港深价值优选混合,农银研究精选混合,富安达策略精选混合,前海开源优势蓝筹股票A,金信深圳成长混合发起式,富安达新动力混合,建信睿盈灵活配置混合C,英大睿鑫A,泰康金泰3月定开混合,大成智惠量化多策略混合,万家宏观择时多策略混合,中融物联网主题灵活配置混合,安信中国制造2025混合,中邮医药健康混合,新华鑫泰灵活配置混合,东方支柱产业灵活配置混合,中邮战略新兴产业混合,长盛创新先锋混合A,国投瑞银瑞盈混合(LOF),农银尖端科技混合,汇安丰裕灵活配置混合A,嘉实物流产业股票A,农银中小盘混合,宝盈国家安全沪港深股票A,前海开源沪港深创新成长混合C,圆信永丰兴源灵活配置混合C,南方有色金属ETF联接A,易方达中证全指证券公司ETF,国投瑞银招财混合,圆信永丰兴源灵活配置混合A,中银健康生活混合,英大灵活配置混合型发起式A,汇添富中证互联网医疗指数A,前海开源沪港深创新成长混合A,中邮风格轮动灵活配置混合,大成一带一路灵活配置混合,富安达健康人生混合A,前海开源量化优选A,申万菱信量化成长混合,信诚新泽B,信诚新泽A,汇安丰裕灵活配置混合C,农银中国优势灵活配置混合,平安转型创新混合C,博时文体娱乐主题混合,招商优势企业混合,创金合信优选回报灵活配置混合,鑫元欣享灵活配置混合C,金信价值精选混合A,华泰柏瑞富利混合A,中银改革红利灵活配置混合,汇添富全球医疗混合美元现钞,富国国企改革灵活配置混合,博时创新驱动混合C,东方红目标优选定开混合,鑫元欣享灵活配置混合A,华商改革创新股票,银华永祥灵活配置混合,诺安改革趋势灵活配置混合,汇添富行业整合混合,中融核心成长,金信价值精选混合C,汇添富中证互联网医疗指数C,华宝价值发现混合,光大多策略优选定开混合,汇添富全球医疗混合美元现汇,人保研究精选混合A,泰康睿利量化多策略混合A,银华医疗健康量化优选C,华宝未来主导混合A,富安达消费主题混合,嘉实新添辉定期混合C,鑫元鑫新收益灵活配置混合C,中邮未来新蓝筹混合,大摩万众创新混合A,东吴移动互联混合C,建信裕利灵活配置混合,东方阿尔法精选混合A,华泰柏瑞新金融地产混合,平安鼎泰混合(LOF),富国新优享灵活配置混合C,富国新优享灵活配置混合A,信诚鼎利,银河文体娱乐混合,工银沪港深精选混合A,工银沪港深精选混合C,汇添富民安增益定开混合A,中欧睿达定期开放混合A,银河鑫月享定开混合A,银河鑫月享定开混合C,嘉实新添辉定期混合A,博时创新驱动混合A,银华医疗健康量化优选A,申万菱信行业轮动股票,广发新兴成长混合,汇添富全球医疗混合人民币,鑫元价值精选混合A,鑫元价值精选混合C,人保研究精选混合C,人保转型新动力混合C,万家智造优势混合C,中信保诚至兴混合A,大成景恒混合A,金信智能中国2025混合,万家新机遇龙头企业混合A,前海联合润丰混合A,浦银安恒回报定开混合A,西部利得景程混合C,创金合信红利低波动C,泰达睿智稳健混合A,红土创新新科技股票,农银汇理睿选灵活配置混合,华夏新时代混合人民币(QDII),建信汇利灵活配置混合,国联安价值优选股票,创金合信红利低波动A,兴全轻资产混合(LOF),国联安远见成长混合,中加转型动力混合C,西部利得景程混合A,前海联合润丰混合C,合煦智远嘉选混合A,合煦智远嘉选混合C,东方阿尔法精选混合C,中加改革红利混合,人保量化混合A,中信保诚至兴混合C,人保转型新动力混合A,诺德消费升级混合,农银汇理量化智慧动力混合,中邮核心优选混合,人保量化混合C,平安鑫利混合C,招商体育文化休闲股票,汇丰晋信珠三角区域发展混合,西部利得国企红利(LOF)A,鹏华研究驱动混合,浦银安恒回报定开混合C,宝盈优势产业混合A,华宝绿色主题混合A,中加转型动力混合A,广发龙头优选混合,万家智造优势混合A,前海开源量化优选C,建信新经济灵活配置混合,信达澳银消费优选混合,汇添富民安增益定开混合C,平安新鑫先锋C,富国沪港深业绩驱动混合型A,大成景恒混合C,大成国企改革灵活配置混合,东方多策略灵活配置混合C,信达澳银中小盘混合,申万菱信竞争优势混合,农银行业成长混合,平安转型创新混合A,东吴配置优化混合A,国投瑞银创新医疗混合,安信鑫发优选混合A,大成景尚灵活配置混合C,长城优化升级混合A,泰康睿利量化多策略混合C,金鹰多元策略混合
嘉实深证基本面120ETF,银华深证100指数(LOF),招商深证100指数A,建信深证100指数增强,嘉实深证基本面120联接A,融通深证成份指数A,华夏中小企业100ETF,广发中小企业300ETF,广发深证100指数(LOF)A,广发成长优选混合,华富中小企业100指数增强,大成深证成份ETF,汇添富深证300ETF,国投瑞银深证100指数,平安深证300指数增强,易方达深证100ETF,国联安中小综指(LOF),南方深证成份ETF联接A,南方深证成份ETF,大摩深证300指数增强,汇添富深证300ETF联接,广发中小企业300ETF联接A,易方达中小企业100(LOF)A,中融鑫思路混合C,中融鑫思路混合A,招商深证100指数C,融通深证100指数A,申万菱信深证成份指数(LOF),融通深证成份指数C,融通深证100指数C,易方达深证100ETF联接A,申万菱信中小企业100指数(LOF)A
中信保诚中证500指数(LOF)A,广发中证500ETF,农银中证500指数,嘉实中证500ETF联接A,鹏华中证500指数(LOF)A,大成中证500深市ETF,广发中证500ETF联接A,天弘中证500ETF联接A,景顺长城中证500ETF,景顺长城中证500ETF联接,华泰柏瑞中证500ETF,国寿安保中证500ETF,易方达中证500ETF,嘉实中证500ETF,南方中证500ETF,华夏中证500ETF,华富华鑫灵活配置混合A,南方中证500ETF联接A,汇添富中证500C,汇添富中证500A,鹏华睿投混合,平安中证500ETF,华富华鑫灵活配置混合C
东吴进取策略混合A,国联安安心成长混合,天治研究驱动混合A,中邮核心主题混合,兴全精选混合,华商产业升级混合,汇丰晋信龙腾混合,汇丰晋信科技先锋股票,金鹰灵活配置混合A,金鹰灵活配置混合C,景顺长城研究精选股票,广发聚祥灵活混合,国联安新精选混合,汇丰晋信双核策略混合C,华宝品质生活股票,景顺长城支柱产业混合,海富通强化回报混合,上投摩根卓越制造股票,嘉实中证主要消费ETF,中邮核心科技创新灵活配置混合,宝盈睿丰创新混合A/B,汇丰晋信双核策略混合A,鹏华弘泽混合C,前海开源金银珠宝混合A,华宝万物互联混合,鹏华弘泽混合A,诺安创新驱动混合A,长盛新兴成长混合,诺安中证500指数增强A,北信瑞丰新成长,融通跨界成长灵活配置混合,招商丰泰混合(LOF),汇丰晋信智造先锋股票C,长盛中证申万一带一路指数(LOF),中融鑫起点混合A,前海开源大安全混合,富国中证煤炭指数(LOF)A,华安新优选灵活配置混合A,上投摩根科技前沿灵活配置混合,浙商汇金转型驱动,汇丰晋信消费红利股票,长盛战略新兴产业混合C,宝盈睿丰创新混合C,民生加银新动力混合A,金元顺安优质精选混合C,汇添富优选回报灵活配置混合A,前海开源一带一路混合C,兴业聚源混合A,博时颐泰混合C,嘉实新优选混合,广发稳裕混合A,新华积极价值灵活配置混合,南方荣光C,南方瑞利灵活配置混合,博时颐泰混合A,中银益利混合C,广发安宏回报混合A,诺安创新驱动混合C,招商康泰灵活配置混合,天治研究驱动混合C,安信新目标混合A,博时鑫泽灵活配置混合A,嘉实新财富混合,汇丰晋信沪港深A,汇丰晋信沪港深C,安信新目标混合C,华安智增精选混合,中融竞争优势,海富通领先成长混合,财通多策略福瑞混合发起式(LOF)A,博时鑫泽灵活配置混合C,长盛战略新兴产业混合A,广发安宏回报混合C,国联安锐意成长混合,中金量化多策略混合,华泰保兴吉年丰混合发起A,长盛盛崇灵活配置混合A,鹏华安益增强混合,华宝宝康配置混合,中银量化精选混合A,中邮景泰灵活配置混合A,长盛盛崇灵活配置混合C,中银锦利灵活配置混合C,上投安丰回报C,上投安丰回报A,中银品质生活混合,万家瑞富灵活配置混合A,浦银安盛经济带崛起混合,华泰保兴吉年丰混合发起C,汇丰晋信低碳先锋股票A,上投摩根智选30混合,中银锦利灵活配置混合A,天弘策略精选混合A,长盛沪港深混合,信诚幸福消费混合,长盛生态环境混合,博时汇智回报灵活配置混合,诺安高端制造股票A,北信瑞丰健康生活,天弘策略精选混合C,华泰柏瑞精选回报混合,前海开源金银珠宝混合C,银河量化优选混合,中银益利混合A,上投摩根安通回报混合C,上投摩根安通回报混合A,银华万物互联灵活配置混合,鹏华弘安混合A,新华红利回报混合,华安新优选灵活配置混合C,泰康泉林量化价值精选混合C,银华稳健增利灵活配置混合A,华夏永康添福混合,汇添富添福吉祥混合,南华瑞盈混合发起C,南方全天候策略(FOF)C,金元顺安优质精选混合A,财通资管鑫锐混合A,南华丰淳混合A,南华瑞盈混合发起A,中金金泽A,南方全天候策略(FOF)A,华商新兴活力混合,财通资管鑫锐混合C,华泰保兴吉年福定开混合,广发价值回报混合C,国泰量化成长优选混合C,中金金泽C,银华稳健增利灵活配置混合C,北信瑞丰兴瑞灵配,南华丰淳混合C,汇添富盈润混合A,华泰保兴成长优选A,鹏华弘安混合C,广发再融资主题(LOF)A,鹏扬景兴混合C,中金衡优灵活配置混合C,泰康泉林量化价值精选混合A,汇丰晋信大盘股票A,华泰保兴成长优选C,民生加银量化中国混合,前海开源价值成长混合A,银华混改红利灵活配置混合发起式,长信量化价值驱动混合A,华夏优势精选股票,西部利得新富混合,光大银发商机混合,中金衡优灵活配置混合A,前海开源价值成长混合C,鹏扬景兴混合A,广发价值回报混合A,汇丰晋信新动力混合,汇丰晋信智造先锋股票A,国泰量化成长优选混合A,鹏华沪深港新兴成长混合,汇添富优选回报灵活配置混合C,前海开源一带一路混合A,汇添富盈润混合C,南方荣光A,中融鑫起点混合C,中邮景泰灵活配置混合C,嘉实新起航混合
易方达策略成长混合,国富焦点驱动混合,易方达价值精选混合,易方达优质精选混合(QDII),易方达科汇灵活配置混合,易方达科翔混合,易方达平稳增长混合,易方达上证50增强A,易方达资源行业混合,国富弹性市值混合,国富潜力组合混合A,国富深化价值混合,国富健康优质生活股票,易方达安心回馈混合,易方达创新驱动灵活配置混合,易方达科讯混合,易方达国企改革混合,易方达策略成长二号混合,易方达瑞享混合E,易方达沪深300非银ETF,易方达中证万得并购重组(LOF),易方达新鑫混合E,易方达新鑫混合I,易方达国防军工混合,易方达改革红利混合,易方达新利灵活配置混合,易方达新常态灵活配置混合,易方达瑞享混合I,易方达沪深300医药ETF,易方达新兴成长灵活配置,易方达新享混合A,易方达新享混合C,易方达新益混合I,易方达新益混合E,国富新机遇混合A,易方达瑞财混合I,易方达瑞财混合E,国富沪港深成长精选股票,易方达瑞选灵活配置混合E,易方达瑞选灵活配置混合I,易方达新丝路灵活配置混合,易方达瑞兴灵活配置混合E,国富策略回报混合,易方达瑞智灵活配置混合I,易方达消费行业股票,易方达信息产业混合,易方达新收益混合A,易方达裕惠定开混合发起式,国富大中华精选混合,易方达科瑞混合,易方达瑞弘混合A,易方达瑞弘混合C,易方达瑞程灵活配置混合A,易方达供给改革混合,国富中国收益混合,易方达安盈回报混合,易方达瑞通灵活配置混合A,易方达瑞通灵活配置混合C,易方达上证50增强C,国富新机遇混合C,易方达瑞智灵活配置混合E,易方达行业领先混合,易方达积极成长混合,易方达瑞富灵活配置混合I,易方达丰惠混合,易方达瑞富灵活配置混合E,国富中小盘股票,易方达瑞兴灵活配置混合I,易方达新经济混合,易方达瑞景混合,易方达环保主题混合,易方达瑞祺灵活配置混合E,易方达瑞恒灵活配置混合,易方达量化策略A,易方达瑞祥灵活配置混合E,国富新趋势混合A,国富新趋势混合C,易方达瑞祺灵活配置混合I,易方达瑞信混合E,国富天颐混合A,易方达中证万得生物科技指数(LOF)A,易方达瑞和灵活配置混合,易方达瑞祥灵活配置混合I,易方达现代服务业混合,国富天颐混合C,易方达量化策略C,易方达瑞信混合I,易方达中盘成长混合,易方达价值成长混合,易方达大健康混合,易方达医疗保健行业混合,易方达蓝筹精选混合,国富估值优势混合,易方达中证银行指数(LOF)A,易方达新收益混合C,易方达中证全指证券公司指数(LOF)A,易方达瑞程灵活配置混合C,国富研究精选混合
海富通安颐收益混合A,海富通新内需混合C,海富通安颐收益混合C,海富通欣益混合C,海富通欣益混合A,海富通新内需混合A,海富通欣荣混合C,海富通欣荣混合A,海富通欣享灵活配置混合C,海富通欣享灵活配置混合A,海富通稳固收益债券,海富通量化多因子混合C,海富通量化多因子混合A,海富通阿尔法对冲混合A,海富通富祥混合
泰达宏利逆向策略混合,泰达宏利宏达混合B,泰达改革动力混合A,泰达宏利宏达混合A,泰达改革动力混合C,泰达宏利风险预算混合
融通创业板指数A,易方达创业板ETF联接A,易方达创业板ETF,华安创业板50指数,天弘创业板ETF联接基金C,南方创业板ETF,博时创业板ETF,国泰创业板指数(LOF),广发创业板ETF,嘉实创业板ETF,广发创业板ETF联接A,工银瑞信创业板ETF,华安创业板50ETF,建信创业板ETF,海富通创业板增强A,华夏创业板ETF,南方创业板ETF联接A,海富通创业板增强C,富国创业板指数(LOF)A,融通创业板指数C,天弘创业板ETF联接基金A,鹏华创业板指数(LOF)
信达澳银精华配置混合A,前海开源中国成长混合,信诚中证TMT产业主题指数(LOF)A,广发中证全指信息技术ETF,天弘中证电子ETF联接A,南方中证互联网指数(LOF),鹏华中证移动互联网指数(LOF),农银信息传媒股票,申万中证申万电子行业投资指数(LOF)A,信达澳银新能源产业股票,景顺中证科技传媒通信150ETF,富国中证移动互联网指数(LOF)A,富国中证高端制造指数增强型,银华信息科技量化股票发起式C,易方达易百智能量化策略A,银华信息科技量化股票发起式A,易方达易百智能量化策略C,鹏华信息A,天弘中证电子ETF联接C
博时价值增长混合,博时策略混合,博时行业轮动混合,南方绩优成长混合A,南方稳健成长混合,南方盛元红利混合,南方新兴消费增长股票(LOF)A,博时内需增长混合A,博时回报混合,南方优选价值混合A,博时价值增长贰号混合,南方新优享灵活配置混合A,南方创新经济,博时精选混合A,博时产业新动力混合A,南方新蓝筹混合,南方稳健成长贰号混合,博时互联网主题灵活配置混合,博时中证银行指数(LOF),博时沪港深优质企业基金A,南方高端装备灵活配置混合A,南方产业活力,南方利安A,南方利众C,博时第三产业混合,南方利达A,博时中证淘金大数据100A,博时新起点混合A,博时新起点混合C,南方利鑫C,南方利淘A,南方利鑫A,南方中证500信息技术ETF,南方利达C,博时新策略灵活配置混合A,南方国策动力,博时国企改革股票A,博时中证淘金大数据100I,博时外延增长主题灵活配置混合,博时沪港深优质企业基金C,博时新兴成长混合,博时新收益C,南方新兴混合,南方品质优选灵活配置混合A,博时创业成长混合A,南方君选,南方利安C,博时丝路主题股票C,南方改革机遇,南方驱动混合,博时鑫瑞混合C,博时鑫源混合C,南方量化成长,南方转型增长混合A,博时新收益A,南方利淘C,南方安裕混合A,南方利众A,博时丝路主题股票A,博时鑫瑞混合A,南方教育股票,博时鑫惠混合C,博时鑫惠混合A,南方安颐混合,南方中证全指证券公司ETF,南方积极配置混合(LOF),南方安睿混合,博时逆向投资混合A,博时主题行业混合(LOF),南方安康混合,博时鑫源混合A,南方隆元产业主题混合,南方中证房地产ETF,博时逆向投资混合C,博时新兴消费主题混合A,博时战略新兴产业混合,南方中证银行ETF,南方高增长混合(LOF),博时平衡配置混合,南方兴盛混合,南方中证申万有色金属ETF,南方安福混合A,南方优享分红混合A,南方平衡配置混合,南方金融主题灵活配置混合A,南方安养混合,南方高端装备灵活配置混合C,南方君信混合A,博时产业新动力混合C,博时荣享回报混合A,南方瑞合定开混合(LOF),博时创业成长混合C,南方瑞祥一年混合A,博时荣享回报混合C,南方成安优选混合,南方智慧混合,南方瑞祥一年混合C,博时特许价值混合A,南方中证全指证券公司ETF联接A,南方安泰混合A,南方天元新产业股票(LOF)
国泰上证180金融ETF联接,国泰上证180金融ETF,信诚中证800金融(LOF)A,广发中证全指金融地产ETF,广发中证全指金融地产联接A,国投沪深300金融地产联接,嘉实中证金融地产ETF,国投瑞银金融地产ETF,嘉实中证金融地产ETF联接A,汇添富中证金融地产ETF,长盛中证金融地产指数(LOF)
交银先锋混合A,交银深证300价值ETF,交银成长混合A,交银优势行业混合,交银主题优选混合A,交银策略回报灵活配置混合,交银周期回报灵活配置混合A,交银定期支付双息平衡混合,交银阿尔法核心混合A,交银先进制造混合,交银稳健配置混合A,交银优选回报灵活配置混合A,交银国企改革灵活配置混合,交银趋势混合A,交银优择回报灵活配置混合A,交银科技创新灵活配置混合,交银周期回报灵活配置混合C,交银优选回报灵活配置混合C,交银新回报灵活配置混合C,交银数据产业灵活配置混合A,交银新成长混合,交银经济新动力混合A,交银沪港深价值精选混合,交银新回报灵活配置混合A,交银瑞鑫定开混合,交银新生活力灵活配置混合,交银精选混合,交银蓝筹混合,交银消费新驱动股票,交银股息优化混合,交银恒益灵活配置混合,交银持续成长主题混合,交银品质升级混合A,交银创新成长混合,交银多策略回报灵活配置混合A,交银优择回报灵活配置混合C,交银多策略回报灵活配置混合C
长盛航天海工装备灵活配置混合,前海开源中证军工指数A,前海开源中航军工指数,国泰中证军工ETF,华宝中证军工ETF,前海开源中证军工指数C,富国中证军工指数(LOF)A,广发中证军工ETF,易方达中证军工(LOF)A,鹏华空天军工指数(LOF)A,易方达中证军工ETF,国泰国证航天军工指数,长信国防军工量化混合A,鹏华国防A,申万菱信中证军工指数(LOF)
中海增强收益债券C,中海增强收益债券A,中海合嘉增强收益债券A,中海合嘉增强收益债券C
招商丰泽混合C,招商丰泽混合A,招商瑞丰灵活配置混合发起式A,招商安荣混合C,招商安荣混合A,招商瑞丰灵活配置混合发起式C,招商丰美混合C,招商丰美混合A,招商盛合灵活混合C,招商安裕灵活配置混合C,招商安裕灵活配置混合A,招商丰拓灵活混合C,招商丰拓灵活混合A,招商盛合灵活混合A
红塔红土盛金新动力混合A,红塔红土盛隆灵活配置C,红塔红土盛通混合型发起式A,红塔红土盛通混合型发起式C,红塔红土盛金新动力混合C,红塔红土盛隆灵活配置A
国泰安康定期支付混合C,国泰安益灵活配置混合A,国泰普益混合C,国泰普益混合A,国泰安益灵活配置混合C,国泰安康定期支付混合A
长安鑫旺价值混合A,长安鑫旺价值混合C,长安裕泰混合A,长安裕泰混合C,长安裕隆混合A,长安裕隆混合C
